sample,group,element,species,spin,expected_eV,fitted_eV,stderr_eV,delta_eV,etchlevel,etchtime,depth_order
ReTa03,Unknown,Re4f,Re metal,5/2,42.7,43.1251938263223,0.00769170205239797,0.42519382632229963,0,0.0,0
ReTa03,Unknown,Re4f,Re metal,5/2,42.7,43.09242525138359,0.009127308697966708,0.3924252513835853,1,10.013,1
ReTa03,Unknown,Re4f,Re metal,5/2,42.7,43.09630457146367,0.009540138625216237,0.3963045714636664,2,20.026,2
ReTa03,Unknown,Re4f,Re metal,5/2,42.7,43.09822175534874,0.0091518571677778,0.39822175534873594,3,30.038,3
ReTa03,Unknown,Re4f,Re metal,5/2,42.7,43.09643116052962,0.00941465128776142,0.396431160529616,4,40.051,4
ReTa03,Unknown,Re4f,Re metal,5/2,42.7,43.09301035771371,0.009161840272501491,0.39301035771370607,5,50.064,5
ReTa03,Unknown,Re4f,Re metal,5/2,42.7,43.09350828271086,0.00911830017327351,0.3935082827108545,6,60.077,6
ReTa03,Unknown,Re4f,Re metal,5/2,42.7,43.09051423876823,0.009371074643278571,0.3905142387682261,7,70.09,7
ReTa03,Unknown,Re4f,Re metal,5/2,42.7,43.08851485491853,0.008937615665946174,0.388514854918526,8,80.103,8
ReTa03,Unknown,Re4f,Re metal,5/2,42.7,43.0884045618596,0.009163780396380926,0.3884045618595948,9,90.115,9
ReTa03,Unknown,Re4f,Re metal,7/2,40.3,40.69962016298651,0.005024419948965077,0.3996201629865155,0,0.0,0
ReTa03,Unknown,Re4f,Re metal,7/2,40.3,40.65738169741143,0.005967305961464393,0.35738169741143366,1,10.013,1
ReTa03,Unknown,Re4f,Re metal,7/2,40.3,40.66038567457282,0.006222553645711539,0.3603856745728251,2,20.026,2
ReTa03,Unknown,Re4f,Re metal,7/2,40.3,40.66392690420184,0.005971822200761063,0.3639269042018398,3,30.038,3
ReTa03,Unknown,Re4f,Re metal,7/2,40.3,40.66055963515782,0.006111866439575909,0.36055963515781997,4,40.051,4
ReTa03,Unknown,Re4f,Re metal,7/2,40.3,40.65769120847957,0.006012502839070278,0.35769120847957225,5,50.064,5
ReTa03,Unknown,Re4f,Re metal,7/2,40.3,40.65816888499058,0.005934128386265587,0.3581688849905831,6,60.077,6
ReTa03,Unknown,Re4f,Re metal,7/2,40.3,40.65504310628033,0.006125388585359011,0.3550431062803341,7,70.09,7
ReTa03,Unknown,Re4f,Re metal,7/2,40.3,40.65427946433715,0.0058468341400044225,0.3542794643371536,8,80.103,8
ReTa03,Unknown,Re4f,Re metal,7/2,40.3,40.65267582891673,0.005987445686111914,0.35267582891673044,9,90.115,9
ReTa03,Unknown,Re4f,Re2O7 (Re7+),5/2,47.9,49.125573663335786,0.008869642592849718,1.225573663335787,0,0.0,0
ReTa03,Unknown,Re4f,Re2O7 (Re7+),5/2,47.9,49.13504355397215,0.010682887228708865,1.2350435539721545,1,10.013,1
ReTa03,Unknown,Re4f,Re2O7 (Re7+),5/2,47.9,49.13591889689084,0.011162322659900728,1.235918896890844,2,20.026,2
ReTa03,Unknown,Re4f,Re2O7 (Re7+),5/2,47.9,49.1342948511469,0.010705617211206449,1.234294851146899,3,30.038,3
ReTa03,Unknown,Re4f,Re2O7 (Re7+),5/2,47.9,49.1358715253718,0.011005565888490873,1.235871525371799,4,40.051,4
ReTa03,Unknown,Re4f,Re2O7 (Re7+),5/2,47.9,49.135319149234135,0.01072720095018596,1.2353191492341367,5,50.064,5
ReTa03,Unknown,Re4f,Re2O7 (Re7+),5/2,47.9,49.13533939772027,0.010662344182578219,1.2353393977202742,6,60.077,6
ReTa03,Unknown,Re4f,Re2O7 (Re7+),5/2,47.9,49.13547113248789,0.010956694837823824,1.2354711324878949,7,70.09,7
ReTa03,Unknown,Re4f,Re2O7 (Re7+),5/2,47.9,49.134235390581374,0.010456189167601708,1.2342353905813752,8,80.103,8
ReTa03,Unknown,Re4f,Re2O7 (Re7+),5/2,47.9,49.135728732942866,0.01071466550032004,1.2357287329428672,9,90.115,9
ReTa03,Unknown,Re4f,Re2O7 (Re7+),7/2,45.5,46.699999999999996,4.0314723965253304e-08,1.1999999999999957,0,0.0,0
ReTa03,Unknown,Re4f,Re2O7 (Re7+),7/2,45.5,46.699999999999996,3.227420766220279e-08,1.1999999999999957,1,10.013,1
ReTa03,Unknown,Re4f,Re2O7 (Re7+),7/2,45.5,46.699999999999996,3.244408370572808e-08,1.1999999999999957,2,20.026,2
ReTa03,Unknown,Re4f,Re2O7 (Re7+),7/2,45.5,46.699999999999996,3.206364207176444e-08,1.1999999999999957,3,30.038,3
ReTa03,Unknown,Re4f,Re2O7 (Re7+),7/2,45.5,46.699999999999996,3.2209499405760854e-08,1.1999999999999957,4,40.051,4
ReTa03,Unknown,Re4f,Re2O7 (Re7+),7/2,45.5,46.699999999999996,3.2125838702848214e-08,1.1999999999999957,5,50.064,5
ReTa03,Unknown,Re4f,Re2O7 (Re7+),7/2,45.5,46.699999999999996,3.2036249983885486e-08,1.1999999999999957,6,60.077,6
ReTa03,Unknown,Re4f,Re2O7 (Re7+),7/2,45.5,46.699999999999996,3.1983309545138836e-08,1.1999999999999957,7,70.09,7
ReTa03,Unknown,Re4f,Re2O7 (Re7+),7/2,45.5,46.699999999999996,3.209228240185679e-08,1.1999999999999957,8,80.103,8
ReTa03,Unknown,Re4f,Re2O7 (Re7+),7/2,45.5,46.699999999999996,3.224830312224727e-08,1.1999999999999957,9,90.115,9
ReTa03,Unknown,Re4f,ReO2 (Re4+),5/2,44.7,44.22557366333578,0.00886964259275953,-0.47442633666422296,0,0.0,0
ReTa03,Unknown,Re4f,ReO2 (Re4+),5/2,44.7,44.23504355397215,0.01068288722866018,-0.46495644602785546,1,10.013,1
ReTa03,Unknown,Re4f,ReO2 (Re4+),5/2,44.7,44.235918896890844,0.011162322659854887,-0.46408110310915873,2,20.026,2
ReTa03,Unknown,Re4f,ReO2 (Re4+),5/2,44.7,44.2342948511469,0.010705617211157994,-0.4657051488531039,3,30.038,3
ReTa03,Unknown,Re4f,ReO2 (Re4+),5/2,44.7,44.2358715253718,0.01100556588844312,-0.46412847462820395,4,40.051,4
ReTa03,Unknown,Re4f,ReO2 (Re4+),5/2,44.7,44.23531914923414,0.010727200950137948,-0.4646808507658662,5,50.064,5
ReTa03,Unknown,Re4f,ReO2 (Re4+),5/2,44.7,44.235339397720274,0.010662344182529981,-0.4646606022797286,6,60.077,6
ReTa03,Unknown,Re4f,ReO2 (Re4+),5/2,44.7,44.235471132487895,0.01095669483777707,-0.464528867512108,7,70.09,7
ReTa03,Unknown,Re4f,ReO2 (Re4+),5/2,44.7,44.234235390581375,0.010456189167550778,-0.46576460941862763,8,80.103,8
ReTa03,Unknown,Re4f,ReO2 (Re4+),5/2,44.7,44.23572873294287,0.010714665500271987,-0.4642712670571356,9,90.115,9
ReTa03,Unknown,Re4f,ReO2 (Re4+),7/2,42.3,41.8,3.3908476427993913e-09,-0.5,0,0.0,0
ReTa03,Unknown,Re4f,ReO2 (Re4+),7/2,42.3,41.8,1.17302304508897e-17,-0.5,1,10.013,1
ReTa03,Unknown,Re4f,ReO2 (Re4+),7/2,42.3,41.8,1.2060016274288587e-17,-0.5,2,20.026,2
ReTa03,Unknown,Re4f,ReO2 (Re4+),7/2,42.3,41.8,1.1545343244284728e-17,-0.5,3,30.038,3
ReTa03,Unknown,Re4f,ReO2 (Re4+),7/2,42.3,41.8,1.2062726533113136e-17,-0.5,4,40.051,4
ReTa03,Unknown,Re4f,ReO2 (Re4+),7/2,42.3,41.8,1.1971472979823401e-17,-0.5,5,50.064,5
ReTa03,Unknown,Re4f,ReO2 (Re4+),7/2,42.3,41.8,1.1673080721277887e-17,-0.5,6,60.077,6
ReTa03,Unknown,Re4f,ReO2 (Re4+),7/2,42.3,41.8,1.2260231552835717e-17,-0.5,7,70.09,7
ReTa03,Unknown,Re4f,ReO2 (Re4+),7/2,42.3,41.8,1.167785294579139e-17,-0.5,8,80.103,8
ReTa03,Unknown,Re4f,ReO2 (Re4+),7/2,42.3,41.8,1.2052404976346573e-17,-0.5,9,90.115,9
ReTa03,Unknown,Re4f,ReO3 (Re6+),5/2,45.5,45.91702341091302,0.07124110578740595,0.41702341091301776,0,0.0,0
ReTa03,Unknown,Re4f,ReO3 (Re6+),5/2,45.5,45.5934057454068,0.189387992490497,0.09340574540679825,1,10.013,1
ReTa03,Unknown,Re4f,ReO3 (Re6+),5/2,45.5,45.57988083461065,0.19349028908018093,0.07988083461064832,2,20.026,2
ReTa03,Unknown,Re4f,ReO3 (Re6+),5/2,45.5,45.590185352706705,0.18564347458955505,0.09018535270670469,3,30.038,3
ReTa03,Unknown,Re4f,ReO3 (Re6+),5/2,45.5,45.56506682351213,0.18712659583714805,0.065066823512133,4,40.051,4
ReTa03,Unknown,Re4f,ReO3 (Re6+),5/2,45.5,45.588822215981665,0.19325983121390486,0.08882221598166495,5,50.064,5
ReTa03,Unknown,Re4f,ReO3 (Re6+),5/2,45.5,45.575188833404646,0.1868498464776475,0.07518883340464555,6,60.077,6
ReTa03,Unknown,Re4f,ReO3 (Re6+),5/2,45.5,45.582233871747164,0.1959995355792913,0.08223387174716379,7,70.09,7
ReTa03,Unknown,Re4f,ReO3 (Re6+),5/2,45.5,45.59058098113536,0.18529394003085203,0.09058098113536062,8,80.103,8
ReTa03,Unknown,Re4f,ReO3 (Re6+),5/2,45.5,45.5811374633436,0.19224947366067466,0.08113746334360172,9,90.115,9
ReTa03,Unknown,Re4f,ReO3 (Re6+),7/2,43.1,43.491449747577235,0.07334616930699042,0.3914497475772336,0,0.0,0
ReTa03,Unknown,Re4f,ReO3 (Re6+),7/2,43.1,43.15836219143465,0.19373882171776574,0.058362191434646604,1,10.013,1
ReTa03,Unknown,Re4f,ReO3 (Re6+),7/2,43.1,43.1439619377198,0.19808545557709914,0.04396193771979995,2,20.026,2
ReTa03,Unknown,Re4f,ReO3 (Re6+),7/2,43.1,43.1558905015598,0.19003717247562968,0.055890501559801464,3,30.038,3
ReTa03,Unknown,Re4f,ReO3 (Re6+),7/2,43.1,43.12919529814033,0.19170053762156194,0.02919529814032984,4,40.051,4
ReTa03,Unknown,Re4f,ReO3 (Re6+),7/2,43.1,43.153503066747525,0.19757165560983503,0.05350306674752403,5,50.064,5
ReTa03,Unknown,Re4f,ReO3 (Re6+),7/2,43.1,43.13984943568437,0.19123228156528446,0.03984943568436705,6,60.077,6
ReTa03,Unknown,Re4f,ReO3 (Re6+),7/2,43.1,43.146762739259266,0.20041496573861936,0.04676273925926466,7,70.09,7
ReTa03,Unknown,Re4f,ReO3 (Re6+),7/2,43.1,43.15634559055398,0.1894974073498854,0.05634559055398114,8,80.103,8
ReTa03,Unknown,Re4f,ReO3 (Re6+),7/2,43.1,43.14540873040073,0.19655929431901512,0.045408730400730235,9,90.115,9
ReTa03,Unknown,Ta4f,Ta alloy,5/2,25.9,26.589999999999993,0.0,0.6899999999999942,0,0.0,0
ReTa03,Unknown,Ta4f,Ta alloy,5/2,25.9,26.589999999999993,0.0,0.6899999999999942,1,10.013,1
ReTa03,Unknown,Ta4f,Ta alloy,5/2,25.9,26.589999999999993,0.0,0.6899999999999942,2,20.026,2
ReTa03,Unknown,Ta4f,Ta alloy,5/2,25.9,26.589999999999993,0.0,0.6899999999999942,3,30.038,3
ReTa03,Unknown,Ta4f,Ta alloy,5/2,25.9,26.589999999999993,0.0,0.6899999999999942,4,40.051,4
ReTa03,Unknown,Ta4f,Ta alloy,5/2,25.9,26.589999999999993,0.0,0.6899999999999942,5,50.064,5
ReTa03,Unknown,Ta4f,Ta alloy,5/2,25.9,26.589999999999993,0.0,0.6899999999999942,6,60.077,6
ReTa03,Unknown,Ta4f,Ta alloy,5/2,25.9,26.589999999999993,0.0,0.6899999999999942,7,70.09,7
ReTa03,Unknown,Ta4f,Ta alloy,5/2,25.9,26.589999999999993,0.0,0.6899999999999942,8,80.103,8
ReTa03,Unknown,Ta4f,Ta alloy,5/2,25.9,26.589999999999993,0.0,0.6899999999999942,9,90.115,9
ReTa03,Unknown,Ta4f,Ta alloy,7/2,24.0,24.699999999999996,0.0,0.6999999999999957,0,0.0,0
ReTa03,Unknown,Ta4f,Ta alloy,7/2,24.0,24.699999999999996,0.0,0.6999999999999957,1,10.013,1
ReTa03,Unknown,Ta4f,Ta alloy,7/2,24.0,24.699999999999996,0.0,0.6999999999999957,2,20.026,2
ReTa03,Unknown,Ta4f,Ta alloy,7/2,24.0,24.699999999999996,0.0,0.6999999999999957,3,30.038,3
ReTa03,Unknown,Ta4f,Ta alloy,7/2,24.0,24.699999999999996,0.0,0.6999999999999957,4,40.051,4
ReTa03,Unknown,Ta4f,Ta alloy,7/2,24.0,24.699999999999996,0.0,0.6999999999999957,5,50.064,5
ReTa03,Unknown,Ta4f,Ta alloy,7/2,24.0,24.699999999999996,0.0,0.6999999999999957,6,60.077,6
ReTa03,Unknown,Ta4f,Ta alloy,7/2,24.0,24.699999999999996,0.0,0.6999999999999957,7,70.09,7
ReTa03,Unknown,Ta4f,Ta alloy,7/2,24.0,24.699999999999996,0.0,0.6999999999999957,8,80.103,8
ReTa03,Unknown,Ta4f,Ta alloy,7/2,24.0,24.699999999999996,0.0,0.6999999999999957,9,90.115,9
ReTa03,Unknown,Ta4f,Ta interface,5/2,24.3,24.607816755667727,0.0,0.3078167556677265,0,0.0,0
ReTa03,Unknown,Ta4f,Ta interface,5/2,24.3,24.459372021081833,0.0,0.15937202108183257,1,10.013,1
ReTa03,Unknown,Ta4f,Ta interface,5/2,24.3,24.45521704488657,0.0,0.1552170448865695,2,20.026,2
ReTa03,Unknown,Ta4f,Ta interface,5/2,24.3,24.45743376289011,0.0,0.1574337628901077,3,30.038,3
ReTa03,Unknown,Ta4f,Ta interface,5/2,24.3,24.460995856795073,0.0,0.160995856795072,4,40.051,4
ReTa03,Unknown,Ta4f,Ta interface,5/2,24.3,24.46039274330518,0.0,0.16039274330518083,5,50.064,5
ReTa03,Unknown,Ta4f,Ta interface,5/2,24.3,24.457113467743042,0.0,0.15711346774304147,6,60.077,6
ReTa03,Unknown,Ta4f,Ta interface,5/2,24.3,24.45536200651956,0.0,0.15536200651956023,7,70.09,7
ReTa03,Unknown,Ta4f,Ta interface,5/2,24.3,24.453733502282287,0.0,0.15373350228228588,8,80.103,8
ReTa03,Unknown,Ta4f,Ta interface,5/2,24.3,24.455867998029024,0.0,0.15586799802902362,9,90.115,9
ReTa03,Unknown,Ta4f,Ta interface,7/2,22.4,22.71781675566773,0.0,0.3178167556677316,0,0.0,0
ReTa03,Unknown,Ta4f,Ta interface,7/2,22.4,22.569372021081836,0.0,0.1693720210818377,1,10.013,1
ReTa03,Unknown,Ta4f,Ta interface,7/2,22.4,22.565217044886573,0.0,0.16521704488657463,2,20.026,2
ReTa03,Unknown,Ta4f,Ta interface,7/2,22.4,22.56743376289011,0.0,0.1674337628901128,3,30.038,3
ReTa03,Unknown,Ta4f,Ta interface,7/2,22.4,22.570995856795076,0.0,0.17099585679507712,4,40.051,4
ReTa03,Unknown,Ta4f,Ta interface,7/2,22.4,22.570392743305185,0.0,0.17039274330518595,5,50.064,5
ReTa03,Unknown,Ta4f,Ta interface,7/2,22.4,22.567113467743045,0.0,0.16711346774304658,6,60.077,6
ReTa03,Unknown,Ta4f,Ta interface,7/2,22.4,22.565362006519564,0.0,0.16536200651956534,7,70.09,7
ReTa03,Unknown,Ta4f,Ta interface,7/2,22.4,22.56373350228229,0.0,0.163733502282291,8,80.103,8
ReTa03,Unknown,Ta4f,Ta interface,7/2,22.4,22.565867998029027,0.0,0.16586799802902874,9,90.115,9
ReTa03,Unknown,Ta4f,Ta metal,5/2,23.9,24.089999999999993,0.0,0.18999999999999417,0,0.0,0
ReTa03,Unknown,Ta4f,Ta metal,5/2,23.9,24.089999999999993,0.0,0.18999999999999417,1,10.013,1
ReTa03,Unknown,Ta4f,Ta metal,5/2,23.9,24.089999999999993,0.0,0.18999999999999417,2,20.026,2
ReTa03,Unknown,Ta4f,Ta metal,5/2,23.9,24.089999999999993,0.0,0.18999999999999417,3,30.038,3
ReTa03,Unknown,Ta4f,Ta metal,5/2,23.9,24.089999999999993,0.0,0.18999999999999417,4,40.051,4
ReTa03,Unknown,Ta4f,Ta metal,5/2,23.9,24.089999999999993,0.0,0.18999999999999417,5,50.064,5
ReTa03,Unknown,Ta4f,Ta metal,5/2,23.9,24.089999999999993,0.0,0.18999999999999417,6,60.077,6
ReTa03,Unknown,Ta4f,Ta metal,5/2,23.9,24.089999999999993,0.0,0.18999999999999417,7,70.09,7
ReTa03,Unknown,Ta4f,Ta metal,5/2,23.9,24.089999999999993,0.0,0.18999999999999417,8,80.103,8
ReTa03,Unknown,Ta4f,Ta metal,5/2,23.9,24.089999999999993,0.0,0.18999999999999417,9,90.115,9
ReTa03,Unknown,Ta4f,Ta metal,7/2,22.0,22.199999999999996,0.0,0.19999999999999574,0,0.0,0
ReTa03,Unknown,Ta4f,Ta metal,7/2,22.0,22.199999999999996,0.0,0.19999999999999574,1,10.013,1
ReTa03,Unknown,Ta4f,Ta metal,7/2,22.0,22.199999999999996,0.0,0.19999999999999574,2,20.026,2
ReTa03,Unknown,Ta4f,Ta metal,7/2,22.0,22.199999999999996,0.0,0.19999999999999574,3,30.038,3
ReTa03,Unknown,Ta4f,Ta metal,7/2,22.0,22.199999999999996,0.0,0.19999999999999574,4,40.051,4
ReTa03,Unknown,Ta4f,Ta metal,7/2,22.0,22.199999999999996,0.0,0.19999999999999574,5,50.064,5
ReTa03,Unknown,Ta4f,Ta metal,7/2,22.0,22.199999999999996,0.0,0.19999999999999574,6,60.077,6
ReTa03,Unknown,Ta4f,Ta metal,7/2,22.0,22.199999999999996,0.0,0.19999999999999574,7,70.09,7
ReTa03,Unknown,Ta4f,Ta metal,7/2,22.0,22.199999999999996,0.0,0.19999999999999574,8,80.103,8
ReTa03,Unknown,Ta4f,Ta metal,7/2,22.0,22.199999999999996,0.0,0.19999999999999574,9,90.115,9
ReTa03,Unknown,Ta4f,Ta+1,5/2,24.6,24.789682024078548,0.0,0.18968202407854662,0,0.0,0
ReTa03,Unknown,Ta4f,Ta+1,5/2,24.6,24.61579351284749,0.0,0.015793512847487534,1,10.013,1
ReTa03,Unknown,Ta4f,Ta+1,5/2,24.6,24.591175614144678,0.0,-0.008824385855323413,2,20.026,2
ReTa03,Unknown,Ta4f,Ta+1,5/2,24.6,24.5909315856607,0.0,-0.009068414339299835,3,30.038,3
ReTa03,Unknown,Ta4f,Ta+1,5/2,24.6,24.58876069823866,0.0,-0.011239301761342801,4,40.051,4
ReTa03,Unknown,Ta4f,Ta+1,5/2,24.6,24.587412555420855,0.0,-0.012587444579146734,5,50.064,5
ReTa03,Unknown,Ta4f,Ta+1,5/2,24.6,24.58452738880217,0.0,-0.01547261119783272,6,60.077,6
ReTa03,Unknown,Ta4f,Ta+1,5/2,24.6,24.583252293649302,0.0,-0.016747706350699332,7,70.09,7
ReTa03,Unknown,Ta4f,Ta+1,5/2,24.6,24.58111866901906,0.0,-0.01888133098094258,8,80.103,8
ReTa03,Unknown,Ta4f,Ta+1,5/2,24.6,24.58226064758278,0.0,-0.01773935241722313,9,90.115,9
ReTa03,Unknown,Ta4f,Ta+1,7/2,22.7,22.89968202407855,0.0,0.19968202407855173,0,0.0,0
ReTa03,Unknown,Ta4f,Ta+1,7/2,22.7,22.725793512847492,0.0,0.02579351284749265,1,10.013,1
ReTa03,Unknown,Ta4f,Ta+1,7/2,22.7,22.70117561414468,0.0,0.0011756141446817026,2,20.026,2
ReTa03,Unknown,Ta4f,Ta+1,7/2,22.7,22.700931585660705,0.0,0.0009315856607052808,3,30.038,3
ReTa03,Unknown,Ta4f,Ta+1,7/2,22.7,22.69876069823866,0.0,-0.0012393017613376855,4,40.051,4
ReTa03,Unknown,Ta4f,Ta+1,7/2,22.7,22.697412555420858,0.0,-0.002587444579141618,5,50.064,5
ReTa03,Unknown,Ta4f,Ta+1,7/2,22.7,22.69452738880217,0.0,-0.005472611197827604,6,60.077,6
ReTa03,Unknown,Ta4f,Ta+1,7/2,22.7,22.693252293649305,0.0,-0.006747706350694216,7,70.09,7
ReTa03,Unknown,Ta4f,Ta+1,7/2,22.7,22.691118669019062,0.0,-0.008881330980937463,8,80.103,8
ReTa03,Unknown,Ta4f,Ta+1,7/2,22.7,22.69226064758278,0.0,-0.007739352417218015,9,90.115,9
ReTa03,Unknown,Ta4f,Ta+3,5/2,26.1,25.682409832059747,0.0,-0.4175901679402543,0,0.0,0
ReTa03,Unknown,Ta4f,Ta+3,5/2,26.1,25.597636831172675,0.0,-0.5023631688273262,1,10.013,1
ReTa03,Unknown,Ta4f,Ta+3,5/2,26.1,25.515367842473285,0.0,-0.5846321575267162,2,20.026,2
ReTa03,Unknown,Ta4f,Ta+3,5/2,26.1,25.512089285242688,0.0,-0.5879107147573137,3,30.038,3
ReTa03,Unknown,Ta4f,Ta+3,5/2,26.1,25.509891649715918,0.0,-0.5901083502840834,4,40.051,4
ReTa03,Unknown,Ta4f,Ta+3,5/2,26.1,25.51507660484787,0.0,-0.5849233951521313,5,50.064,5
ReTa03,Unknown,Ta4f,Ta+3,5/2,26.1,25.508464394714142,0.0,-0.5915356052858591,6,60.077,6
ReTa03,Unknown,Ta4f,Ta+3,5/2,26.1,25.50677585695174,0.0,-0.5932241430482605,7,70.09,7
ReTa03,Unknown,Ta4f,Ta+3,5/2,26.1,25.505829408967756,0.0,-0.5941705910322455,8,80.103,8
ReTa03,Unknown,Ta4f,Ta+3,5/2,26.1,25.50864797976378,0.0,-0.5913520202362221,9,90.115,9
ReTa03,Unknown,Ta4f,Ta+3,7/2,24.2,23.79240983205975,0.0,-0.40759016794024916,0,0.0,0
ReTa03,Unknown,Ta4f,Ta+3,7/2,24.2,23.707636831172678,0.0,-0.4923631688273211,1,10.013,1
ReTa03,Unknown,Ta4f,Ta+3,7/2,24.2,23.62536784247329,0.0,-0.574632157526711,2,20.026,2
ReTa03,Unknown,Ta4f,Ta+3,7/2,24.2,23.62208928524269,0.0,-0.5779107147573086,3,30.038,3
ReTa03,Unknown,Ta4f,Ta+3,7/2,24.2,23.61989164971592,0.0,-0.5801083502840783,4,40.051,4
ReTa03,Unknown,Ta4f,Ta+3,7/2,24.2,23.625076604847873,0.0,-0.5749233951521262,5,50.064,5
ReTa03,Unknown,Ta4f,Ta+3,7/2,24.2,23.618464394714145,0.0,-0.581535605285854,6,60.077,6
ReTa03,Unknown,Ta4f,Ta+3,7/2,24.2,23.616775856951744,0.0,-0.5832241430482554,7,70.09,7
ReTa03,Unknown,Ta4f,Ta+3,7/2,24.2,23.61582940896776,0.0,-0.5841705910322403,8,80.103,8
ReTa03,Unknown,Ta4f,Ta+3,7/2,24.2,23.618647979763782,0.0,-0.581352020236217,9,90.115,9
ReTa03,Unknown,Ta4f,Ta+5 (Ta2O5),5/2,28.7,28.056728759625596,0.0,-0.6432712403744034,0,0.0,0
ReTa03,Unknown,Ta4f,Ta+5 (Ta2O5),5/2,28.7,27.890000000000004,0.0,-0.8099999999999952,1,10.013,1
ReTa03,Unknown,Ta4f,Ta+5 (Ta2O5),5/2,28.7,27.89000000000002,0.0,-0.809999999999981,2,20.026,2
ReTa03,Unknown,Ta4f,Ta+5 (Ta2O5),5/2,28.7,27.889999999999997,0.0,-0.8100000000000023,3,30.038,3
ReTa03,Unknown,Ta4f,Ta+5 (Ta2O5),5/2,28.7,27.889999999999997,0.0,-0.8100000000000023,4,40.051,4
ReTa03,Unknown,Ta4f,Ta+5 (Ta2O5),5/2,28.7,27.889999999999997,0.0,-0.8100000000000023,5,50.064,5
ReTa03,Unknown,Ta4f,Ta+5 (Ta2O5),5/2,28.7,27.889999999999997,0.0,-0.8100000000000023,6,60.077,6
ReTa03,Unknown,Ta4f,Ta+5 (Ta2O5),5/2,28.7,27.889999999999997,0.0,-0.8100000000000023,7,70.09,7
ReTa03,Unknown,Ta4f,Ta+5 (Ta2O5),5/2,28.7,27.889999999999997,0.0,-0.8100000000000023,8,80.103,8
ReTa03,Unknown,Ta4f,Ta+5 (Ta2O5),5/2,28.7,27.889999999999997,0.0,-0.8100000000000023,9,90.115,9
ReTa03,Unknown,Ta4f,Ta+5 (Ta2O5),7/2,26.8,26.1667287596256,0.0,-0.6332712403744019,0,0.0,0
ReTa03,Unknown,Ta4f,Ta+5 (Ta2O5),7/2,26.8,26.000000000000007,0.0,-0.7999999999999936,1,10.013,1
ReTa03,Unknown,Ta4f,Ta+5 (Ta2O5),7/2,26.8,26.00000000000002,0.0,-0.7999999999999794,2,20.026,2
ReTa03,Unknown,Ta4f,Ta+5 (Ta2O5),7/2,26.8,26.0,0.0,-0.8000000000000007,3,30.038,3
ReTa03,Unknown,Ta4f,Ta+5 (Ta2O5),7/2,26.8,26.0,0.0,-0.8000000000000007,4,40.051,4
ReTa03,Unknown,Ta4f,Ta+5 (Ta2O5),7/2,26.8,26.0,0.0,-0.8000000000000007,5,50.064,5
ReTa03,Unknown,Ta4f,Ta+5 (Ta2O5),7/2,26.8,26.0,0.0,-0.8000000000000007,6,60.077,6
ReTa03,Unknown,Ta4f,Ta+5 (Ta2O5),7/2,26.8,26.0,0.0,-0.8000000000000007,7,70.09,7
ReTa03,Unknown,Ta4f,Ta+5 (Ta2O5),7/2,26.8,26.0,0.0,-0.8000000000000007,8,80.103,8
ReTa03,Unknown,Ta4f,Ta+5 (Ta2O5),7/2,26.8,26.0,0.0,-0.8000000000000007,9,90.115,9
ReTa04,Unknown,Re4f,Re metal,5/2,42.7,43.10631248287852,0.01091229545921495,0.4063124828785192,0,0.0,0
ReTa04,Unknown,Re4f,Re metal,5/2,42.7,43.05099201818505,0.008237350685548263,0.3509920181850461,1,10.013,1
ReTa04,Unknown,Re4f,Re metal,5/2,42.7,43.05424339177211,0.008608371638874249,0.3542433917721084,2,20.026,2
ReTa04,Unknown,Re4f,Re metal,5/2,42.7,43.05314061552809,0.008673384338735777,0.3531406155280905,3,30.039,3
ReTa04,Unknown,Re4f,Re metal,5/2,42.7,43.055129764405194,0.008623354997375501,0.3551297644051914,4,40.051,4
ReTa04,Unknown,Re4f,Re metal,5/2,42.7,43.054148828193284,0.008625453774799159,0.3541488281932814,5,50.063,5
ReTa04,Unknown,Re4f,Re metal,5/2,42.7,43.05775375861995,0.008649915563476563,0.35775375861994974,6,60.076,6
ReTa04,Unknown,Re4f,Re metal,5/2,42.7,43.05881309923859,0.008865192617987986,0.3588130992385885,7,70.089,7
ReTa04,Unknown,Re4f,Re metal,5/2,42.7,43.05518264878382,0.008703148557874067,0.355182648783817,8,80.101,8
ReTa04,Unknown,Re4f,Re metal,5/2,42.7,43.053563968419766,0.008269344287523454,0.35356396841976334,9,90.114,9
ReTa04,Unknown,Re4f,Re metal,7/2,40.3,40.6536530382758,0.005757984594344599,0.35365303827580163,0,0.0,0
ReTa04,Unknown,Re4f,Re metal,7/2,40.3,40.59675340677585,0.0054499980159504555,0.2967534067758564,1,10.013,1
ReTa04,Unknown,Re4f,Re metal,7/2,40.3,40.59727716563042,0.0056885353411525,0.29727716563042605,2,20.026,2
ReTa04,Unknown,Re4f,Re metal,7/2,40.3,40.596881895702495,0.005753390285611721,0.2968818957024979,3,30.039,3
ReTa04,Unknown,Re4f,Re metal,7/2,40.3,40.5981378795178,0.005710016089840874,0.29813787951780313,4,40.051,4
ReTa04,Unknown,Re4f,Re metal,7/2,40.3,40.5979710142906,0.005707604679670658,0.2979710142906029,5,50.063,5
ReTa04,Unknown,Re4f,Re metal,7/2,40.3,40.60042698344759,0.005732474825018108,0.30042698344759344,6,60.076,6
ReTa04,Unknown,Re4f,Re metal,7/2,40.3,40.602345746299015,0.005884777171009267,0.302345746299018,7,70.089,7
ReTa04,Unknown,Re4f,Re metal,7/2,40.3,40.59895404328575,0.0057312608444508705,0.2989540432857538,8,80.101,8
ReTa04,Unknown,Re4f,Re metal,7/2,40.3,40.59864675435786,0.005461681545867996,0.29864675435786125,9,90.114,9
ReTa04,Unknown,Re4f,Re2O7 (Re7+),5/2,47.9,48.545199824695324,0.29797078068629995,0.6451998246953252,0,0.0,0
ReTa04,Unknown,Re4f,Re2O7 (Re7+),5/2,47.9,49.1542386114092,0.009728150079582972,1.2542386114091997,1,10.013,1
ReTa04,Unknown,Re4f,Re2O7 (Re7+),5/2,47.9,49.15696622614169,0.01015459433640564,1.2569662261416923,2,20.026,2
ReTa04,Unknown,Re4f,Re2O7 (Re7+),5/2,47.9,49.1562587198256,0.01024648837592128,1.2562587198256026,3,30.039,3
ReTa04,Unknown,Re4f,Re2O7 (Re7+),5/2,47.9,49.1569918848874,0.01017914348084082,1.2569918848873982,4,40.051,4
ReTa04,Unknown,Re4f,Re2O7 (Re7+),5/2,47.9,49.15617781390269,0.01017919934135134,1.2561778139026885,5,50.063,5
ReTa04,Unknown,Re4f,Re2O7 (Re7+),5/2,47.9,49.157326775172365,0.010214833700658045,1.2573267751723662,6,60.076,6
ReTa04,Unknown,Re4f,Re2O7 (Re7+),5/2,47.9,49.15646735293958,0.010464033607653446,1.2564673529395805,7,70.089,7
ReTa04,Unknown,Re4f,Re2O7 (Re7+),5/2,47.9,49.15622860549807,0.010270610445864152,1.2562286054980731,8,80.101,8
ReTa04,Unknown,Re4f,Re2O7 (Re7+),5/2,47.9,49.15491721406191,0.009755952769049777,1.254917214061912,9,90.114,9
ReTa04,Unknown,Re4f,Re2O7 (Re7+),7/2,45.5,46.0925403800926,0.29029001698599366,0.5925403800926006,0,0.0,0
ReTa04,Unknown,Re4f,Re2O7 (Re7+),7/2,45.5,46.7,2.307927911942807e-08,1.2000000000000028,1,10.013,1
ReTa04,Unknown,Re4f,Re2O7 (Re7+),7/2,45.5,46.7,1.812615976264411e-17,1.2000000000000028,2,20.026,2
ReTa04,Unknown,Re4f,Re2O7 (Re7+),7/2,45.5,46.7,1.821078919258693e-17,1.2000000000000028,3,30.039,3
ReTa04,Unknown,Re4f,Re2O7 (Re7+),7/2,45.5,46.7,1.8112233114021788e-17,1.2000000000000028,4,40.051,4
ReTa04,Unknown,Re4f,Re2O7 (Re7+),7/2,45.5,46.7,1.8173832343379265e-17,1.2000000000000028,5,50.063,5
ReTa04,Unknown,Re4f,Re2O7 (Re7+),7/2,45.5,46.7,1.801466214496595e-17,1.2000000000000028,6,60.076,6
ReTa04,Unknown,Re4f,Re2O7 (Re7+),7/2,45.5,46.7,1.8196869175093404e-17,1.2000000000000028,7,70.089,7
ReTa04,Unknown,Re4f,Re2O7 (Re7+),7/2,45.5,46.7,1.7571177170914895e-17,1.2000000000000028,8,80.101,8
ReTa04,Unknown,Re4f,Re2O7 (Re7+),7/2,45.5,46.7,1.854538117370506e-17,1.2000000000000028,9,90.114,9
ReTa04,Unknown,Re4f,ReO2 (Re4+),5/2,44.7,44.25265944460272,0.01271453183823348,-0.44734055539728246,0,0.0,0
ReTa04,Unknown,Re4f,ReO2 (Re4+),5/2,44.7,44.25423861140919,0.009728150079555456,-0.44576138859081027,1,10.013,1
ReTa04,Unknown,Re4f,ReO2 (Re4+),5/2,44.7,44.256966226141685,0.01015459433640564,-0.44303377385831766,2,20.026,2
ReTa04,Unknown,Re4f,ReO2 (Re4+),5/2,44.7,44.256258719825595,0.01024648837592128,-0.4437412801744074,3,30.039,3
ReTa04,Unknown,Re4f,ReO2 (Re4+),5/2,44.7,44.25699188488739,0.01017914348084082,-0.44300811511261173,4,40.051,4
ReTa04,Unknown,Re4f,ReO2 (Re4+),5/2,44.7,44.25617781390268,0.01017919934135134,-0.4438221860973215,5,50.063,5
ReTa04,Unknown,Re4f,ReO2 (Re4+),5/2,44.7,44.25732677517236,0.010214833700658045,-0.4426732248276437,6,60.076,6
ReTa04,Unknown,Re4f,ReO2 (Re4+),5/2,44.7,44.25646735293957,0.010464033607653446,-0.4435326470604295,7,70.089,7
ReTa04,Unknown,Re4f,ReO2 (Re4+),5/2,44.7,44.256228605498066,0.010270610445864152,-0.4437713945019368,8,80.101,8
ReTa04,Unknown,Re4f,ReO2 (Re4+),5/2,44.7,44.254917214061905,0.009755952769049777,-0.4450827859380979,9,90.114,9
ReTa04,Unknown,Re4f,ReO2 (Re4+),7/2,42.3,41.8,5.5339738222286834e-11,-0.5,0,0.0,0
ReTa04,Unknown,Re4f,ReO2 (Re4+),7/2,42.3,41.8,9.020620607450212e-18,-0.5,1,10.013,1
ReTa04,Unknown,Re4f,ReO2 (Re4+),7/2,42.3,41.8,9.369519628066912e-18,-0.5,2,20.026,2
ReTa04,Unknown,Re4f,ReO2 (Re4+),7/2,42.3,41.8,9.589555566705916e-18,-0.5,3,30.039,3
ReTa04,Unknown,Re4f,ReO2 (Re4+),7/2,42.3,41.8,9.565825194431794e-18,-0.5,4,40.051,4
ReTa04,Unknown,Re4f,ReO2 (Re4+),7/2,42.3,41.8,9.81571112975209e-18,-0.5,5,50.063,5
ReTa04,Unknown,Re4f,ReO2 (Re4+),7/2,42.3,41.8,9.775156176717878e-18,-0.5,6,60.076,6
ReTa04,Unknown,Re4f,ReO2 (Re4+),7/2,42.3,41.8,1.0037723280148219e-17,-0.5,7,70.089,7
ReTa04,Unknown,Re4f,ReO2 (Re4+),7/2,42.3,41.8,9.657648911736944e-18,-0.5,8,80.101,8
ReTa04,Unknown,Re4f,ReO2 (Re4+),7/2,42.3,41.8,9.14326254113985e-18,-0.5,9,90.114,9
ReTa04,Unknown,Re4f,ReO3 (Re6+),5/2,45.5,45.28204788591536,0.05698091288234343,-0.217952114084639,0,0.0,0
ReTa04,Unknown,Re4f,ReO3 (Re6+),5/2,45.5,45.18228714582822,0.08389351693682312,-0.31771285417178063,1,10.013,1
ReTa04,Unknown,Re4f,ReO3 (Re6+),5/2,45.5,45.18585365776346,0.08191289735267952,-0.3141463422365405,2,20.026,2
ReTa04,Unknown,Re4f,ReO3 (Re6+),5/2,45.5,45.18197502729198,0.0816840543594729,-0.31802497270801666,3,30.039,3
ReTa04,Unknown,Re4f,ReO3 (Re6+),5/2,45.5,45.1831562436327,0.08164665999810113,-0.3168437563672981,4,40.051,4
ReTa04,Unknown,Re4f,ReO3 (Re6+),5/2,45.5,45.17852513525065,0.08306481351718885,-0.32147486474934794,5,50.063,5
ReTa04,Unknown,Re4f,ReO3 (Re6+),5/2,45.5,45.183180337631995,0.08186903496409895,-0.31681966236800463,6,60.076,6
ReTa04,Unknown,Re4f,ReO3 (Re6+),5/2,45.5,45.179816379258824,0.08465940635689716,-0.3201836207411759,7,70.089,7
ReTa04,Unknown,Re4f,ReO3 (Re6+),5/2,45.5,45.18889531507256,0.08635137081894458,-0.31110468492744303,8,80.101,8
ReTa04,Unknown,Re4f,ReO3 (Re6+),5/2,45.5,45.184264528191385,0.08270201354445167,-0.3157354718086154,9,90.114,9
ReTa04,Unknown,Re4f,ReO3 (Re6+),7/2,43.1,42.82938844131264,0.056234287422010275,-0.27061155868736364,0,0.0,0
ReTa04,Unknown,Re4f,ReO3 (Re6+),7/2,43.1,42.728048534419024,0.08502960590443084,-0.37195146558097747,1,10.013,1
ReTa04,Unknown,Re4f,ReO3 (Re6+),7/2,43.1,42.72888743162177,0.08295056625073664,-0.3711125683782299,2,20.026,2
ReTa04,Unknown,Re4f,ReO3 (Re6+),7/2,43.1,42.725716307466385,0.0826282624076661,-0.3742836925336164,3,30.039,3
ReTa04,Unknown,Re4f,ReO3 (Re6+),7/2,43.1,42.72616435874531,0.08264371030109453,-0.3738356412546935,4,40.051,4
ReTa04,Unknown,Re4f,ReO3 (Re6+),7/2,43.1,42.72234732134797,0.083997751207576,-0.37765267865203356,5,50.063,5
ReTa04,Unknown,Re4f,ReO3 (Re6+),7/2,43.1,42.72585356245963,0.08284508871937622,-0.374146437540368,6,60.076,6
ReTa04,Unknown,Re4f,ReO3 (Re6+),7/2,43.1,42.72334902631925,0.08560232667510904,-0.3766509736807535,7,70.089,7
ReTa04,Unknown,Re4f,ReO3 (Re6+),7/2,43.1,42.73266670957449,0.08769537146138673,-0.3673332904255133,8,80.101,8
ReTa04,Unknown,Re4f,ReO3 (Re6+),7/2,43.1,42.72934731412948,0.0837982533868626,-0.3706526858705246,9,90.114,9
ReTa04,Unknown,Ta4f,Ta alloy,5/2,25.9,26.589999999999982,0.0,0.6899999999999835,0,0.0,0
ReTa04,Unknown,Ta4f,Ta alloy,5/2,25.9,26.589999999999982,0.0,0.6899999999999835,1,10.013,1
ReTa04,Unknown,Ta4f,Ta alloy,5/2,25.9,26.589999999999982,0.0,0.6899999999999835,2,20.026,2
ReTa04,Unknown,Ta4f,Ta alloy,5/2,25.9,26.589999999999982,0.0,0.6899999999999835,3,30.039,3
ReTa04,Unknown,Ta4f,Ta alloy,5/2,25.9,26.589999999999982,0.0,0.6899999999999835,4,40.051,4
ReTa04,Unknown,Ta4f,Ta alloy,5/2,25.9,26.589999999999982,0.0,0.6899999999999835,5,50.063,5
ReTa04,Unknown,Ta4f,Ta alloy,5/2,25.9,26.589999999999982,0.0,0.6899999999999835,6,60.076,6
ReTa04,Unknown,Ta4f,Ta alloy,5/2,25.9,26.589999999999982,0.0,0.6899999999999835,7,70.089,7
ReTa04,Unknown,Ta4f,Ta alloy,5/2,25.9,26.589999999999982,0.0,0.6899999999999835,8,80.101,8
ReTa04,Unknown,Ta4f,Ta alloy,5/2,25.9,26.589999999999982,0.0,0.6899999999999835,9,90.114,9
ReTa04,Unknown,Ta4f,Ta alloy,7/2,24.0,24.699999999999985,0.0,0.6999999999999851,0,0.0,0
ReTa04,Unknown,Ta4f,Ta alloy,7/2,24.0,24.699999999999985,0.0,0.6999999999999851,1,10.013,1
ReTa04,Unknown,Ta4f,Ta alloy,7/2,24.0,24.699999999999985,0.0,0.6999999999999851,2,20.026,2
ReTa04,Unknown,Ta4f,Ta alloy,7/2,24.0,24.699999999999985,0.0,0.6999999999999851,3,30.039,3
ReTa04,Unknown,Ta4f,Ta alloy,7/2,24.0,24.699999999999985,0.0,0.6999999999999851,4,40.051,4
ReTa04,Unknown,Ta4f,Ta alloy,7/2,24.0,24.699999999999985,0.0,0.6999999999999851,5,50.063,5
ReTa04,Unknown,Ta4f,Ta alloy,7/2,24.0,24.699999999999985,0.0,0.6999999999999851,6,60.076,6
ReTa04,Unknown,Ta4f,Ta alloy,7/2,24.0,24.699999999999985,0.0,0.6999999999999851,7,70.089,7
ReTa04,Unknown,Ta4f,Ta alloy,7/2,24.0,24.699999999999985,0.0,0.6999999999999851,8,80.101,8
ReTa04,Unknown,Ta4f,Ta alloy,7/2,24.0,24.699999999999985,0.0,0.6999999999999851,9,90.114,9
ReTa04,Unknown,Ta4f,Ta interface,5/2,24.3,24.548130310100458,0.0,0.24813031010045705,0,0.0,0
ReTa04,Unknown,Ta4f,Ta interface,5/2,24.3,24.45766399850094,0.0,0.15766399850094004,1,10.013,1
ReTa04,Unknown,Ta4f,Ta interface,5/2,24.3,24.456303455253952,0.0,0.15630345525395128,2,20.026,2
ReTa04,Unknown,Ta4f,Ta interface,5/2,24.3,24.456372081985535,0.0,0.1563720819855341,3,30.039,3
ReTa04,Unknown,Ta4f,Ta interface,5/2,24.3,24.457692545555414,0.0,0.15769254555541323,4,40.051,4
ReTa04,Unknown,Ta4f,Ta interface,5/2,24.3,24.457482746237982,0.0,0.15748274623798153,5,50.063,5
ReTa04,Unknown,Ta4f,Ta interface,5/2,24.3,24.456789167544613,0.0,0.1567891675446127,6,60.076,6
ReTa04,Unknown,Ta4f,Ta interface,5/2,24.3,24.456675462473616,0.0,0.15667546247361486,7,70.089,7
ReTa04,Unknown,Ta4f,Ta interface,5/2,24.3,24.456553099836942,0.0,0.1565530998369411,8,80.101,8
ReTa04,Unknown,Ta4f,Ta interface,5/2,24.3,24.457636026341216,0.0,0.15763602634121554,9,90.114,9
ReTa04,Unknown,Ta4f,Ta interface,7/2,22.4,22.65813031010046,0.0,0.25813031010046217,0,0.0,0
ReTa04,Unknown,Ta4f,Ta interface,7/2,22.4,22.567663998500944,0.0,0.16766399850094516,1,10.013,1
ReTa04,Unknown,Ta4f,Ta interface,7/2,22.4,22.566303455253955,0.0,0.1663034552539564,2,20.026,2
ReTa04,Unknown,Ta4f,Ta interface,7/2,22.4,22.566372081985538,0.0,0.1663720819855392,3,30.039,3
ReTa04,Unknown,Ta4f,Ta interface,7/2,22.4,22.567692545555417,0.0,0.16769254555541835,4,40.051,4
ReTa04,Unknown,Ta4f,Ta interface,7/2,22.4,22.567482746237985,0.0,0.16748274623798665,5,50.063,5
ReTa04,Unknown,Ta4f,Ta interface,7/2,22.4,22.566789167544616,0.0,0.1667891675446178,6,60.076,6
ReTa04,Unknown,Ta4f,Ta interface,7/2,22.4,22.56667546247362,0.0,0.16667546247361997,7,70.089,7
ReTa04,Unknown,Ta4f,Ta interface,7/2,22.4,22.566553099836945,0.0,0.16655309983694622,8,80.101,8
ReTa04,Unknown,Ta4f,Ta interface,7/2,22.4,22.56763602634122,0.0,0.16763602634122066,9,90.114,9
ReTa04,Unknown,Ta4f,Ta metal,5/2,23.9,24.089999999999996,0.0,0.18999999999999773,0,0.0,0
ReTa04,Unknown,Ta4f,Ta metal,5/2,23.9,24.089999999999996,0.0,0.18999999999999773,1,10.013,1
ReTa04,Unknown,Ta4f,Ta metal,5/2,23.9,24.089999999999996,0.0,0.18999999999999773,2,20.026,2
ReTa04,Unknown,Ta4f,Ta metal,5/2,23.9,24.089999999999996,0.0,0.18999999999999773,3,30.039,3
ReTa04,Unknown,Ta4f,Ta metal,5/2,23.9,24.089999999999996,0.0,0.18999999999999773,4,40.051,4
ReTa04,Unknown,Ta4f,Ta metal,5/2,23.9,24.089999999999996,0.0,0.18999999999999773,5,50.063,5
ReTa04,Unknown,Ta4f,Ta metal,5/2,23.9,24.089999999999996,0.0,0.18999999999999773,6,60.076,6
ReTa04,Unknown,Ta4f,Ta metal,5/2,23.9,24.089999999999996,0.0,0.18999999999999773,7,70.089,7
ReTa04,Unknown,Ta4f,Ta metal,5/2,23.9,24.089999999999996,0.0,0.18999999999999773,8,80.101,8
ReTa04,Unknown,Ta4f,Ta metal,5/2,23.9,24.089999999999996,0.0,0.18999999999999773,9,90.114,9
ReTa04,Unknown,Ta4f,Ta metal,7/2,22.0,22.2,0.0,0.1999999999999993,0,0.0,0
ReTa04,Unknown,Ta4f,Ta metal,7/2,22.0,22.2,0.0,0.1999999999999993,1,10.013,1
ReTa04,Unknown,Ta4f,Ta metal,7/2,22.0,22.2,0.0,0.1999999999999993,2,20.026,2
ReTa04,Unknown,Ta4f,Ta metal,7/2,22.0,22.2,0.0,0.1999999999999993,3,30.039,3
ReTa04,Unknown,Ta4f,Ta metal,7/2,22.0,22.2,0.0,0.1999999999999993,4,40.051,4
ReTa04,Unknown,Ta4f,Ta metal,7/2,22.0,22.2,0.0,0.1999999999999993,5,50.063,5
ReTa04,Unknown,Ta4f,Ta metal,7/2,22.0,22.2,0.0,0.1999999999999993,6,60.076,6
ReTa04,Unknown,Ta4f,Ta metal,7/2,22.0,22.2,0.0,0.1999999999999993,7,70.089,7
ReTa04,Unknown,Ta4f,Ta metal,7/2,22.0,22.2,0.0,0.1999999999999993,8,80.101,8
ReTa04,Unknown,Ta4f,Ta metal,7/2,22.0,22.2,0.0,0.1999999999999993,9,90.114,9
ReTa04,Unknown,Ta4f,Ta+1,5/2,24.6,24.789999999999985,0.0,0.18999999999998352,0,0.0,0
ReTa04,Unknown,Ta4f,Ta+1,5/2,24.6,24.789999999999985,0.0,0.18999999999998352,1,10.013,1
ReTa04,Unknown,Ta4f,Ta+1,5/2,24.6,24.789999999999985,0.0,0.18999999999998352,2,20.026,2
ReTa04,Unknown,Ta4f,Ta+1,5/2,24.6,24.789999999999985,0.0,0.18999999999998352,3,30.039,3
ReTa04,Unknown,Ta4f,Ta+1,5/2,24.6,24.789999999999985,0.0,0.18999999999998352,4,40.051,4
ReTa04,Unknown,Ta4f,Ta+1,5/2,24.6,24.789999999999985,0.0,0.18999999999998352,5,50.063,5
ReTa04,Unknown,Ta4f,Ta+1,5/2,24.6,24.789999999999985,0.0,0.18999999999998352,6,60.076,6
ReTa04,Unknown,Ta4f,Ta+1,5/2,24.6,24.789999999999985,0.0,0.18999999999998352,7,70.089,7
ReTa04,Unknown,Ta4f,Ta+1,5/2,24.6,24.789999999999985,0.0,0.18999999999998352,8,80.101,8
ReTa04,Unknown,Ta4f,Ta+1,5/2,24.6,24.789999999999985,0.0,0.18999999999998352,9,90.114,9
ReTa04,Unknown,Ta4f,Ta+1,7/2,22.7,22.899999999999988,0.0,0.19999999999998863,0,0.0,0
ReTa04,Unknown,Ta4f,Ta+1,7/2,22.7,22.899999999999988,0.0,0.19999999999998863,1,10.013,1
ReTa04,Unknown,Ta4f,Ta+1,7/2,22.7,22.899999999999988,0.0,0.19999999999998863,2,20.026,2
ReTa04,Unknown,Ta4f,Ta+1,7/2,22.7,22.899999999999988,0.0,0.19999999999998863,3,30.039,3
ReTa04,Unknown,Ta4f,Ta+1,7/2,22.7,22.899999999999988,0.0,0.19999999999998863,4,40.051,4
ReTa04,Unknown,Ta4f,Ta+1,7/2,22.7,22.899999999999988,0.0,0.19999999999998863,5,50.063,5
ReTa04,Unknown,Ta4f,Ta+1,7/2,22.7,22.899999999999988,0.0,0.19999999999998863,6,60.076,6
ReTa04,Unknown,Ta4f,Ta+1,7/2,22.7,22.899999999999988,0.0,0.19999999999998863,7,70.089,7
ReTa04,Unknown,Ta4f,Ta+1,7/2,22.7,22.899999999999988,0.0,0.19999999999998863,8,80.101,8
ReTa04,Unknown,Ta4f,Ta+1,7/2,22.7,22.899999999999988,0.0,0.19999999999998863,9,90.114,9
ReTa04,Unknown,Ta4f,Ta+3,5/2,26.1,26.156338286529355,0.0,0.056338286529353354,0,0.0,0
ReTa04,Unknown,Ta4f,Ta+3,5/2,26.1,26.167257440473595,0.0,0.06725744047359328,1,10.013,1
ReTa04,Unknown,Ta4f,Ta+3,5/2,26.1,26.184434001549878,0.0,0.08443400154987657,2,20.026,2
ReTa04,Unknown,Ta4f,Ta+3,5/2,26.1,26.18771989520364,0.0,0.08771989520363732,3,30.039,3
ReTa04,Unknown,Ta4f,Ta+3,5/2,26.1,26.181448159776274,0.0,0.08144815977627218,4,40.051,4
ReTa04,Unknown,Ta4f,Ta+3,5/2,26.1,26.189999999999085,0.0,0.08999999999908326,5,50.063,5
ReTa04,Unknown,Ta4f,Ta+3,5/2,26.1,26.16939925062898,0.0,0.06939925062897956,6,60.076,6
ReTa04,Unknown,Ta4f,Ta+3,5/2,26.1,26.18171457723632,0.0,0.08171457723631903,7,70.089,7
ReTa04,Unknown,Ta4f,Ta+3,5/2,26.1,26.17755892345479,0.0,0.07755892345478799,8,80.101,8
ReTa04,Unknown,Ta4f,Ta+3,5/2,26.1,26.18999999999342,0.0,0.08999999999342023,9,90.114,9
ReTa04,Unknown,Ta4f,Ta+3,7/2,24.2,24.266338286529358,0.0,0.06633828652935847,0,0.0,0
ReTa04,Unknown,Ta4f,Ta+3,7/2,24.2,24.277257440473598,0.0,0.0772574404735984,1,10.013,1
ReTa04,Unknown,Ta4f,Ta+3,7/2,24.2,24.29443400154988,0.0,0.09443400154988169,2,20.026,2
ReTa04,Unknown,Ta4f,Ta+3,7/2,24.2,24.29771989520364,0.0,0.09771989520364244,3,30.039,3
ReTa04,Unknown,Ta4f,Ta+3,7/2,24.2,24.291448159776277,0.0,0.0914481597762773,4,40.051,4
ReTa04,Unknown,Ta4f,Ta+3,7/2,24.2,24.299999999999088,0.0,0.09999999999908837,5,50.063,5
ReTa04,Unknown,Ta4f,Ta+3,7/2,24.2,24.279399250628984,0.0,0.07939925062898467,6,60.076,6
ReTa04,Unknown,Ta4f,Ta+3,7/2,24.2,24.291714577236323,0.0,0.09171457723632415,7,70.089,7
ReTa04,Unknown,Ta4f,Ta+3,7/2,24.2,24.287558923454792,0.0,0.0875589234547931,8,80.101,8
ReTa04,Unknown,Ta4f,Ta+3,7/2,24.2,24.299999999993425,0.0,0.09999999999342535,9,90.114,9
ReTa04,Unknown,Ta4f,Ta+5 (Ta2O5),5/2,28.7,28.345909619358466,0.0,-0.35409038064153364,0,0.0,0
ReTa04,Unknown,Ta4f,Ta+5 (Ta2O5),5/2,28.7,27.889999999999997,0.0,-0.8100000000000023,1,10.013,1
ReTa04,Unknown,Ta4f,Ta+5 (Ta2O5),5/2,28.7,27.889999999999997,0.0,-0.8100000000000023,2,20.026,2
ReTa04,Unknown,Ta4f,Ta+5 (Ta2O5),5/2,28.7,27.889999999999997,0.0,-0.8100000000000023,3,30.039,3
ReTa04,Unknown,Ta4f,Ta+5 (Ta2O5),5/2,28.7,27.889999999999997,0.0,-0.8100000000000023,4,40.051,4
ReTa04,Unknown,Ta4f,Ta+5 (Ta2O5),5/2,28.7,27.889999999999997,0.0,-0.8100000000000023,5,50.063,5
ReTa04,Unknown,Ta4f,Ta+5 (Ta2O5),5/2,28.7,27.889999999999997,0.0,-0.8100000000000023,6,60.076,6
ReTa04,Unknown,Ta4f,Ta+5 (Ta2O5),5/2,28.7,27.889999999999997,0.0,-0.8100000000000023,7,70.089,7
ReTa04,Unknown,Ta4f,Ta+5 (Ta2O5),5/2,28.7,27.889999999999997,0.0,-0.8100000000000023,8,80.101,8
ReTa04,Unknown,Ta4f,Ta+5 (Ta2O5),5/2,28.7,27.889999999999997,0.0,-0.8100000000000023,9,90.114,9
ReTa04,Unknown,Ta4f,Ta+5 (Ta2O5),7/2,26.8,26.45590961935847,0.0,-0.3440903806415321,0,0.0,0
ReTa04,Unknown,Ta4f,Ta+5 (Ta2O5),7/2,26.8,26.0,0.0,-0.8000000000000007,1,10.013,1
ReTa04,Unknown,Ta4f,Ta+5 (Ta2O5),7/2,26.8,26.0,0.0,-0.8000000000000007,2,20.026,2
ReTa04,Unknown,Ta4f,Ta+5 (Ta2O5),7/2,26.8,26.0,0.0,-0.8000000000000007,3,30.039,3
ReTa04,Unknown,Ta4f,Ta+5 (Ta2O5),7/2,26.8,26.0,0.0,-0.8000000000000007,4,40.051,4
ReTa04,Unknown,Ta4f,Ta+5 (Ta2O5),7/2,26.8,26.0,0.0,-0.8000000000000007,5,50.063,5
ReTa04,Unknown,Ta4f,Ta+5 (Ta2O5),7/2,26.8,26.0,0.0,-0.8000000000000007,6,60.076,6
ReTa04,Unknown,Ta4f,Ta+5 (Ta2O5),7/2,26.8,26.0,0.0,-0.8000000000000007,7,70.089,7
ReTa04,Unknown,Ta4f,Ta+5 (Ta2O5),7/2,26.8,26.0,0.0,-0.8000000000000007,8,80.101,8
ReTa04,Unknown,Ta4f,Ta+5 (Ta2O5),7/2,26.8,26.0,0.0,-0.8000000000000007,9,90.114,9
