sample,group,element,species,spin,expected_eV,fitted_eV,stderr_eV,delta_eV,etchlevel,etchtime
ReTa03,Unknown,Ta4f,Ta metal,7/2,22.0,22.199999999999996,0.0,0.19999999999999574,0,0.0
ReTa03,Unknown,Ta4f,Ta metal,5/2,23.9,24.089999999999993,0.0,0.18999999999999417,0,0.0
ReTa03,Unknown,Ta4f,Ta interface,7/2,22.4,22.71789590573198,0.0,0.3178959057319801,0,0.0
ReTa03,Unknown,Ta4f,Ta interface,5/2,24.3,24.607895905731976,0.0,0.307895905731975,0,0.0
ReTa03,Unknown,Ta4f,Ta alloy,7/2,24.0,24.699998206505384,0.0,0.6999982065053842,0,0.0
ReTa03,Unknown,Ta4f,Ta alloy,5/2,25.9,26.58999820650538,0.0,0.6899982065053827,0,0.0
ReTa03,Unknown,Ta4f,Ta+1,7/2,22.7,22.899673208113292,0.0,0.1996732081132926,0,0.0
ReTa03,Unknown,Ta4f,Ta+1,5/2,24.6,24.78967320811329,0.0,0.18967320811328747,0,0.0
ReTa03,Unknown,Ta4f,Ta+3,7/2,24.2,24.296,0.0,0.09600000000000009,0,0.0
ReTa03,Unknown,Ta4f,Ta+3,5/2,26.1,26.185999999999996,0.0,0.08599999999999497,0,0.0
ReTa03,Unknown,Ta4f,Ta+5 (Ta2O5),7/2,26.8,26.166776042947866,0.0,-0.6332239570521345,0,0.0
ReTa03,Unknown,Ta4f,Ta+5 (Ta2O5),5/2,28.7,28.056776042947863,0.0,-0.6432239570521361,0,0.0
ReTa03,Unknown,Ta4f,Ta metal,7/2,22.0,22.199999999999996,0.12318941821641094,0.19999999999999574,1,10.013
ReTa03,Unknown,Ta4f,Ta metal,5/2,23.9,24.089999999999993,0.12318941848101135,0.18999999999999417,1,10.013
ReTa03,Unknown,Ta4f,Ta interface,7/2,22.4,22.56077909292338,0.23198236971089334,0.16077909292338077,1,10.013
ReTa03,Unknown,Ta4f,Ta interface,5/2,24.3,24.450779092923376,0.23198236971089334,0.15077909292337566,1,10.013
ReTa03,Unknown,Ta4f,Ta alloy,7/2,24.0,24.57094586409333,0.033237445553096295,0.5709458640933285,1,10.013
ReTa03,Unknown,Ta4f,Ta alloy,5/2,25.9,26.460945864093325,0.033237445553096295,0.5609458640933269,1,10.013
ReTa03,Unknown,Ta4f,Ta+1,7/2,22.7,22.724514146596817,0.03263252935202353,0.024514146596818165,1,10.013
ReTa03,Unknown,Ta4f,Ta+1,5/2,24.6,24.614514146596814,0.03263252932356305,0.014514146596813049,1,10.013
ReTa03,Unknown,Ta4f,Ta+3,7/2,24.2,23.65088101266892,0.03529273772761161,-0.5491189873310809,1,10.013
ReTa03,Unknown,Ta4f,Ta+3,5/2,26.1,25.540881012668915,0.03529273778632859,-0.559118987331086,1,10.013
ReTa03,Unknown,Ta4f,Ta+5 (Ta2O5),7/2,26.8,26.000000000020545,0.0536079794694896,-0.7999999999794554,1,10.013
ReTa03,Unknown,Ta4f,Ta+5 (Ta2O5),5/2,28.7,27.890000000020542,0.05360797946944721,-0.8099999999794569,1,10.013
ReTa03,Unknown,Ta4f,Ta metal,7/2,22.0,22.199999999999996,0.12291739290611874,0.19999999999999574,2,20.026
ReTa03,Unknown,Ta4f,Ta metal,5/2,23.9,24.089999999999993,0.12291739317013492,0.18999999999999417,2,20.026
ReTa03,Unknown,Ta4f,Ta interface,7/2,22.4,22.561053487139027,0.24133915796726546,0.16105348713902856,2,20.026
ReTa03,Unknown,Ta4f,Ta interface,5/2,24.3,24.451053487139024,0.24133915796726546,0.15105348713902345,2,20.026
ReTa03,Unknown,Ta4f,Ta alloy,7/2,24.0,24.620336150154063,0.032910714399532755,0.6203361501540634,2,20.026
ReTa03,Unknown,Ta4f,Ta alloy,5/2,25.9,26.51033615015406,0.032910714399532755,0.6103361501540618,2,20.026
ReTa03,Unknown,Ta4f,Ta+1,7/2,22.7,22.703714761714306,0.030591568818854633,0.0037147617143062917,2,20.026
ReTa03,Unknown,Ta4f,Ta+1,5/2,24.6,24.593714761714303,0.030591568773905974,-0.006285238285698824,2,20.026
ReTa03,Unknown,Ta4f,Ta+3,7/2,24.2,23.610250852629324,0.030578969322334688,-0.5897491473706751,2,20.026
ReTa03,Unknown,Ta4f,Ta+3,5/2,26.1,25.50025085262932,0.030578969293868465,-0.5997491473706802,2,20.026
ReTa03,Unknown,Ta4f,Ta+5 (Ta2O5),7/2,26.8,26.000000000000004,0.05386325928470902,-0.7999999999999972,2,20.026
ReTa03,Unknown,Ta4f,Ta+5 (Ta2O5),5/2,28.7,27.89,0.05386325928470904,-0.8099999999999987,2,20.026
ReTa03,Unknown,Ta4f,Ta metal,7/2,22.0,22.199999999999996,0.11544286649675534,0.19999999999999574,3,30.038
ReTa03,Unknown,Ta4f,Ta metal,5/2,23.9,24.089999999999993,0.11544286674471681,0.18999999999999417,3,30.038
ReTa03,Unknown,Ta4f,Ta interface,7/2,22.4,22.561449012403234,0.24152720282531706,0.16144901240323506,3,30.038
ReTa03,Unknown,Ta4f,Ta interface,5/2,24.3,24.45144901240323,0.24152720282531706,0.15144901240322994,3,30.038
ReTa03,Unknown,Ta4f,Ta alloy,7/2,24.0,24.58108586102741,0.032451747645293,0.581085861027411,3,30.038
ReTa03,Unknown,Ta4f,Ta alloy,5/2,25.9,26.471085861027408,0.032451747645293,0.5710858610274094,3,30.038
ReTa03,Unknown,Ta4f,Ta+1,7/2,22.7,22.703952582279072,0.030873394874945715,0.003952582279072914,3,30.038
ReTa03,Unknown,Ta4f,Ta+1,5/2,24.6,24.59395258227907,0.03087339483225945,-0.006047417720932202,3,30.038
ReTa03,Unknown,Ta4f,Ta+3,7/2,24.2,23.598660077453395,0.030810309659548972,-0.6013399225466038,3,30.038
ReTa03,Unknown,Ta4f,Ta+3,5/2,26.1,25.488660077453392,0.030810309703905175,-0.611339922546609,3,30.038
ReTa03,Unknown,Ta4f,Ta+5 (Ta2O5),7/2,26.8,26.000000000000004,0.05651516622496581,-0.7999999999999972,3,30.038
ReTa03,Unknown,Ta4f,Ta+5 (Ta2O5),5/2,28.7,27.89,0.056515166224965795,-0.8099999999999987,3,30.038
ReTa03,Unknown,Ta4f,Ta metal,7/2,22.0,22.199999999999996,0.1031689443764268,0.19999999999999574,4,40.051
ReTa03,Unknown,Ta4f,Ta metal,5/2,23.9,24.089999999999993,0.10316894459802493,0.18999999999999417,4,40.051
ReTa03,Unknown,Ta4f,Ta interface,7/2,22.4,22.56523531132125,0.23476736133660228,0.16523531132125058,4,40.051
ReTa03,Unknown,Ta4f,Ta interface,5/2,24.3,24.455235311321246,0.23476736133660228,0.15523531132124546,4,40.051
ReTa03,Unknown,Ta4f,Ta alloy,7/2,24.0,24.57223239609654,0.032108385242239836,0.5722323960965383,4,40.051
ReTa03,Unknown,Ta4f,Ta alloy,5/2,25.9,26.462232396096535,0.032108385242239836,0.5622323960965367,4,40.051
ReTa03,Unknown,Ta4f,Ta+1,7/2,22.7,22.702124659690707,0.031010461050102703,0.002124659690707631,4,40.051
ReTa03,Unknown,Ta4f,Ta+1,5/2,24.6,24.592124659690704,0.03101046112545063,-0.007875340309297485,4,40.051
ReTa03,Unknown,Ta4f,Ta+3,7/2,24.2,23.59674316299785,0.029472149300537317,-0.6032568370021494,4,40.051
ReTa03,Unknown,Ta4f,Ta+3,5/2,26.1,25.486743162997847,0.029472149230399102,-0.6132568370021545,4,40.051
ReTa03,Unknown,Ta4f,Ta+5 (Ta2O5),7/2,26.8,26.000000000000004,0.055689928006547124,-0.7999999999999972,4,40.051
ReTa03,Unknown,Ta4f,Ta+5 (Ta2O5),5/2,28.7,27.89,0.05568992800654713,-0.8099999999999987,4,40.051
ReTa03,Unknown,Ta4f,Ta metal,7/2,22.0,22.199999999999996,0.11380963662544329,0.19999999999999574,5,50.064
ReTa03,Unknown,Ta4f,Ta metal,5/2,23.9,24.089999999999993,0.11380963686989669,0.18999999999999417,5,50.064
ReTa03,Unknown,Ta4f,Ta interface,7/2,22.4,22.565889431205516,0.24645467449835531,0.16588943120551747,5,50.064
ReTa03,Unknown,Ta4f,Ta interface,5/2,24.3,24.455889431205513,0.24645467449835531,0.15588943120551235,5,50.064
ReTa03,Unknown,Ta4f,Ta alloy,7/2,24.0,24.594790361420504,0.03407238985884533,0.5947903614205039,5,50.064
ReTa03,Unknown,Ta4f,Ta alloy,5/2,25.9,26.4847903614205,0.03407238985884533,0.5847903614205023,5,50.064
ReTa03,Unknown,Ta4f,Ta+1,7/2,22.7,22.700000326813775,0.03236078097283912,3.268137760414902e-07,5,50.064
ReTa03,Unknown,Ta4f,Ta+1,5/2,24.6,24.590000326813772,0.03236078091480143,-0.009999673186229074,5,50.064
ReTa03,Unknown,Ta4f,Ta+3,7/2,24.2,23.60538395772364,0.03096870689978458,-0.5946160422763604,5,50.064
ReTa03,Unknown,Ta4f,Ta+3,5/2,26.1,25.495383957723636,0.030968706945008907,-0.6046160422763656,5,50.064
ReTa03,Unknown,Ta4f,Ta+5 (Ta2O5),7/2,26.8,26.000000000000004,0.05505315885192081,-0.7999999999999972,5,50.064
ReTa03,Unknown,Ta4f,Ta+5 (Ta2O5),5/2,28.7,27.89,0.055053158851920796,-0.8099999999999987,5,50.064
ReTa03,Unknown,Ta4f,Ta metal,7/2,22.0,22.199999999999996,0.1060555794670564,0.19999999999999574,6,60.077
ReTa03,Unknown,Ta4f,Ta metal,5/2,23.9,24.089999999999993,0.10605557969485482,0.18999999999999417,6,60.077
ReTa03,Unknown,Ta4f,Ta interface,7/2,22.4,22.560969993832845,0.24164265722354922,0.16096999383284682,6,60.077
ReTa03,Unknown,Ta4f,Ta interface,5/2,24.3,24.450969993832842,0.24164265722354922,0.1509699938328417,6,60.077
ReTa03,Unknown,Ta4f,Ta alloy,7/2,24.0,24.561989807532097,0.03221829084336671,0.5619898075320968,6,60.077
ReTa03,Unknown,Ta4f,Ta alloy,5/2,25.9,26.451989807532094,0.03221829084336671,0.5519898075320953,6,60.077
ReTa03,Unknown,Ta4f,Ta+1,7/2,22.7,22.698151945135432,0.031207834768862686,-0.0018480548645669614,6,60.077
ReTa03,Unknown,Ta4f,Ta+1,5/2,24.6,24.58815194513543,0.031207834770144657,-0.011848054864572077,6,60.077
ReTa03,Unknown,Ta4f,Ta+3,7/2,24.2,23.592914097694873,0.030369684424552137,-0.6070859023051263,6,60.077
ReTa03,Unknown,Ta4f,Ta+3,5/2,26.1,25.48291409769487,0.030369684433262604,-0.6170859023051314,6,60.077
ReTa03,Unknown,Ta4f,Ta+5 (Ta2O5),7/2,26.8,26.000000000000004,0.05534847175387613,-0.7999999999999972,6,60.077
ReTa03,Unknown,Ta4f,Ta+5 (Ta2O5),5/2,28.7,27.89,0.055348471753876125,-0.8099999999999987,6,60.077
ReTa03,Unknown,Ta4f,Ta metal,7/2,22.0,22.199999999999996,0.10777802902687814,0.19999999999999574,7,70.09
ReTa03,Unknown,Ta4f,Ta metal,5/2,23.9,24.089999999999993,0.10777802925837618,0.18999999999999417,7,70.09
ReTa03,Unknown,Ta4f,Ta interface,7/2,22.4,22.55905201833437,0.24332941989079102,0.15905201833437133,7,70.09
ReTa03,Unknown,Ta4f,Ta interface,5/2,24.3,24.449052018334367,0.24332941989079102,0.1490520183343662,7,70.09
ReTa03,Unknown,Ta4f,Ta alloy,7/2,24.0,24.560027029747083,0.032599267455334265,0.5600270297470828,7,70.09
ReTa03,Unknown,Ta4f,Ta alloy,5/2,25.9,26.45002702974708,0.032599267455334265,0.5500270297470813,7,70.09
ReTa03,Unknown,Ta4f,Ta+1,7/2,22.7,22.696834170713977,0.03127519270486309,-0.0031658292860221593,7,70.09
ReTa03,Unknown,Ta4f,Ta+1,5/2,24.6,24.586834170713974,0.031275192754286356,-0.013165829286027275,7,70.09
ReTa03,Unknown,Ta4f,Ta+3,7/2,24.2,23.59124556576096,0.029969046247466002,-0.6087544342390387,7,70.09
ReTa03,Unknown,Ta4f,Ta+3,5/2,26.1,25.481245565760958,0.02996904620462338,-0.6187544342390439,7,70.09
ReTa03,Unknown,Ta4f,Ta+5 (Ta2O5),7/2,26.8,26.000000000000004,0.05872314523775779,-0.7999999999999972,7,70.09
ReTa03,Unknown,Ta4f,Ta+5 (Ta2O5),5/2,28.7,27.89,0.05872314523775781,-0.8099999999999987,7,70.09
ReTa03,Unknown,Ta4f,Ta metal,7/2,22.0,22.199999999999996,0.10863083502701501,0.19999999999999574,8,80.103
ReTa03,Unknown,Ta4f,Ta metal,5/2,23.9,24.089999999999993,0.10863083526034474,0.18999999999999417,8,80.103
ReTa03,Unknown,Ta4f,Ta interface,7/2,22.4,22.55824682533399,0.24185261459897398,0.1582468253339897,8,80.103
ReTa03,Unknown,Ta4f,Ta interface,5/2,24.3,24.448246825333985,0.24185261459897398,0.1482468253339846,8,80.103
ReTa03,Unknown,Ta4f,Ta alloy,7/2,24.0,24.58533012481525,0.032449532260075284,0.5853301248152505,8,80.103
ReTa03,Unknown,Ta4f,Ta alloy,5/2,25.9,26.475330124815248,0.032449532260075284,0.5753301248152489,8,80.103
ReTa03,Unknown,Ta4f,Ta+1,7/2,22.7,22.69412202024214,0.030735222707313763,-0.005877979757858753,8,80.103
ReTa03,Unknown,Ta4f,Ta+1,5/2,24.6,24.584122020242138,0.030735222782874834,-0.01587797975786387,8,80.103
ReTa03,Unknown,Ta4f,Ta+3,7/2,24.2,23.596005631298652,0.028895184457948187,-0.6039943687013469,8,80.103
ReTa03,Unknown,Ta4f,Ta+3,5/2,26.1,25.48600563129865,0.028895184515354284,-0.613994368701352,8,80.103
ReTa03,Unknown,Ta4f,Ta+5 (Ta2O5),7/2,26.8,26.000000000000004,0.05361793732807735,-0.7999999999999972,8,80.103
ReTa03,Unknown,Ta4f,Ta+5 (Ta2O5),5/2,28.7,27.89,0.05361793732807733,-0.8099999999999987,8,80.103
ReTa03,Unknown,Ta4f,Ta metal,7/2,22.0,22.199999999999996,0.10940406683954602,0.19999999999999574,9,90.115
ReTa03,Unknown,Ta4f,Ta metal,5/2,23.9,24.089999999999993,0.10940406707453662,0.18999999999999417,9,90.115
ReTa03,Unknown,Ta4f,Ta interface,7/2,22.4,22.560946018541244,0.2429558865441643,0.1609460185412459,9,90.115
ReTa03,Unknown,Ta4f,Ta interface,5/2,24.3,24.45094601854124,0.2429558865441643,0.1509460185412408,9,90.115
ReTa03,Unknown,Ta4f,Ta alloy,7/2,24.0,24.597109389602846,0.033258776807536465,0.5971093896028457,9,90.115
ReTa03,Unknown,Ta4f,Ta alloy,5/2,25.9,26.487109389602843,0.033258776807536465,0.5871093896028441,9,90.115
ReTa03,Unknown,Ta4f,Ta+1,7/2,22.7,22.694870235385334,0.03128890193192438,-0.005129764614665078,9,90.115
ReTa03,Unknown,Ta4f,Ta+1,5/2,24.6,24.58487023538533,0.03128890192937442,-0.015129764614670194,9,90.115
ReTa03,Unknown,Ta4f,Ta+3,7/2,24.2,23.60087039481423,0.028785749609027866,-0.5991296051857695,9,90.115
ReTa03,Unknown,Ta4f,Ta+3,5/2,26.1,25.490870394814227,0.028785749579817062,-0.6091296051857746,9,90.115
ReTa03,Unknown,Ta4f,Ta+5 (Ta2O5),7/2,26.8,26.000000000000004,0.055361711758200406,-0.7999999999999972,9,90.115
ReTa03,Unknown,Ta4f,Ta+5 (Ta2O5),5/2,28.7,27.89,0.05536171175820042,-0.8099999999999987,9,90.115
ReTa04,Unknown,Ta4f,Ta metal,7/2,22.0,22.199999999999996,0.0,0.19999999999999574,0,0.0
ReTa04,Unknown,Ta4f,Ta metal,5/2,23.9,24.089999999999993,0.0,0.18999999999999417,0,0.0
ReTa04,Unknown,Ta4f,Ta interface,7/2,22.4,22.658196941725883,0.0,0.2581969417258847,0,0.0
ReTa04,Unknown,Ta4f,Ta interface,5/2,24.3,24.54819694172588,0.0,0.24819694172587958,0,0.0
ReTa04,Unknown,Ta4f,Ta alloy,7/2,24.0,24.69999999997771,0.0,0.6999999999777096,0,0.0
ReTa04,Unknown,Ta4f,Ta alloy,5/2,25.9,26.589999999977707,0.0,0.689999999977708,0,0.0
ReTa04,Unknown,Ta4f,Ta+1,7/2,22.7,22.899999999999995,0.0,0.19999999999999574,0,0.0
ReTa04,Unknown,Ta4f,Ta+1,5/2,24.6,24.789999999999992,0.0,0.18999999999999062,0,0.0
ReTa04,Unknown,Ta4f,Ta+3,7/2,24.2,23.504,0.0,-0.695999999999998,0,0.0
ReTa04,Unknown,Ta4f,Ta+3,5/2,26.1,25.394,0.0,-0.7060000000000031,0,0.0
ReTa04,Unknown,Ta4f,Ta+5 (Ta2O5),7/2,26.8,26.455908884451308,0.0,-0.344091115548693,0,0.0
ReTa04,Unknown,Ta4f,Ta+5 (Ta2O5),5/2,28.7,28.345908884451305,0.0,-0.35409111554869455,0,0.0
ReTa04,Unknown,Ta4f,Ta metal,7/2,22.0,22.199999999999996,0.14016871325566455,0.19999999999999574,1,10.013
ReTa04,Unknown,Ta4f,Ta metal,5/2,23.9,24.089999999999993,0.14016871355673502,0.18999999999999417,1,10.013
ReTa04,Unknown,Ta4f,Ta interface,7/2,22.4,22.505753469605477,0.2634396953686164,0.10575346960547805,1,10.013
ReTa04,Unknown,Ta4f,Ta interface,5/2,24.3,24.395753469605474,0.2634396953686164,0.09575346960547293,1,10.013
ReTa04,Unknown,Ta4f,Ta alloy,7/2,24.0,24.69943571695709,0.032869538335412465,0.6994357169570904,1,10.013
ReTa04,Unknown,Ta4f,Ta alloy,5/2,25.9,26.589435716957087,0.032869538335412465,0.6894357169570888,1,10.013
ReTa04,Unknown,Ta4f,Ta+1,7/2,22.7,22.642594342708588,0.02595808769780693,-0.05740565729141167,1,10.013
ReTa04,Unknown,Ta4f,Ta+1,5/2,24.6,24.532594342708585,0.025958087691793703,-0.06740565729141679,1,10.013
ReTa04,Unknown,Ta4f,Ta+3,7/2,24.2,23.553150396448125,0.02075272384617088,-0.6468496035518747,1,10.013
ReTa04,Unknown,Ta4f,Ta+3,5/2,26.1,25.44315039644812,0.0207527238628875,-0.6568496035518798,1,10.013
ReTa04,Unknown,Ta4f,Ta+5 (Ta2O5),7/2,26.8,26.000000000000004,0.04693646356625806,-0.7999999999999972,1,10.013
ReTa04,Unknown,Ta4f,Ta+5 (Ta2O5),5/2,28.7,27.89,0.04693646356625803,-0.8099999999999987,1,10.013
ReTa04,Unknown,Ta4f,Ta metal,7/2,22.0,22.199999999999996,0.13356434517701013,0.19999999999999574,2,20.026
ReTa04,Unknown,Ta4f,Ta metal,5/2,23.9,24.089999999999993,0.13356434546389492,0.18999999999999417,2,20.026
ReTa04,Unknown,Ta4f,Ta interface,7/2,22.4,22.505550653604608,0.26652466049652096,0.10555065360460958,2,20.026
ReTa04,Unknown,Ta4f,Ta interface,5/2,24.3,24.395550653604605,0.26652466049652096,0.09555065360460446,2,20.026
ReTa04,Unknown,Ta4f,Ta alloy,7/2,24.0,24.699999999994123,0.032490139779428835,0.6999999999941231,2,20.026
ReTa04,Unknown,Ta4f,Ta alloy,5/2,25.9,26.58999999999412,0.032490139779428835,0.6899999999941215,2,20.026
ReTa04,Unknown,Ta4f,Ta+1,7/2,22.7,22.634313267784776,0.026074613386166647,-0.06568673221522303,2,20.026
ReTa04,Unknown,Ta4f,Ta+1,5/2,24.6,24.524313267784773,0.02607461333773835,-0.07568673221522815,2,20.026
ReTa04,Unknown,Ta4f,Ta+3,7/2,24.2,23.549411119561327,0.02004402156561479,-0.6505888804386721,2,20.026
ReTa04,Unknown,Ta4f,Ta+3,5/2,26.1,25.439411119561324,0.0200440216150442,-0.6605888804386773,2,20.026
ReTa04,Unknown,Ta4f,Ta+5 (Ta2O5),7/2,26.8,26.000000000000004,0.0444787587240379,-0.7999999999999972,2,20.026
ReTa04,Unknown,Ta4f,Ta+5 (Ta2O5),5/2,28.7,27.89,0.04447875872403791,-0.8099999999999987,2,20.026
ReTa04,Unknown,Ta4f,Ta metal,7/2,22.0,22.199999999999996,0.12847673283461367,0.19999999999999574,3,30.039
ReTa04,Unknown,Ta4f,Ta metal,5/2,23.9,24.089999999999993,0.12847673311057084,0.18999999999999417,3,30.039
ReTa04,Unknown,Ta4f,Ta interface,7/2,22.4,22.50601583577776,0.2674635930093492,0.10601583577776097,3,30.039
ReTa04,Unknown,Ta4f,Ta interface,5/2,24.3,24.396015835777757,0.2674635930093492,0.09601583577775585,3,30.039
ReTa04,Unknown,Ta4f,Ta alloy,7/2,24.0,24.699999999999854,0.03182210725024394,0.6999999999998536,3,30.039
ReTa04,Unknown,Ta4f,Ta alloy,5/2,25.9,26.58999999999985,0.03182210725024394,0.6899999999998521,3,30.039
ReTa04,Unknown,Ta4f,Ta+1,7/2,22.7,22.631853966514615,0.02620110858454188,-0.06814603348538384,3,30.039
ReTa04,Unknown,Ta4f,Ta+1,5/2,24.6,24.521853966514612,0.026201108551649154,-0.07814603348538895,3,30.039
ReTa04,Unknown,Ta4f,Ta+3,7/2,24.2,23.54665356164584,0.019887077371855875,-0.6533464383541592,3,30.039
ReTa04,Unknown,Ta4f,Ta+3,5/2,26.1,25.436653561645837,0.019887077327510407,-0.6633464383541643,3,30.039
ReTa04,Unknown,Ta4f,Ta+5 (Ta2O5),7/2,26.8,26.000000000000025,0.044440323065343366,-0.7999999999999758,3,30.039
ReTa04,Unknown,Ta4f,Ta+5 (Ta2O5),5/2,28.7,27.890000000000022,0.044440323065343346,-0.8099999999999774,3,30.039
ReTa04,Unknown,Ta4f,Ta metal,7/2,22.0,22.199999999999953,0.1256843466295109,0.1999999999999531,4,40.051
ReTa04,Unknown,Ta4f,Ta metal,5/2,23.9,24.08999999999995,0.12568434689947036,0.18999999999995154,4,40.051
ReTa04,Unknown,Ta4f,Ta interface,7/2,22.4,22.51279160064439,0.26667048245402225,0.11279160064439253,4,40.051
ReTa04,Unknown,Ta4f,Ta interface,5/2,24.3,24.402791600644388,0.26667048245402225,0.10279160064438742,4,40.051
ReTa04,Unknown,Ta4f,Ta alloy,7/2,24.0,24.699999999999356,0.03370944277639001,0.6999999999993562,4,40.051
ReTa04,Unknown,Ta4f,Ta alloy,5/2,25.9,26.589999999999353,0.03370944277639001,0.6899999999993547,4,40.051
ReTa04,Unknown,Ta4f,Ta+1,7/2,22.7,22.633574542780504,0.02771891557711024,-0.06642545721949489,4,40.051
ReTa04,Unknown,Ta4f,Ta+1,5/2,24.6,24.5235745427805,0.027718915507301316,-0.0764254572195,4,40.051
ReTa04,Unknown,Ta4f,Ta+3,7/2,24.2,23.555069366009423,0.020664964023159198,-0.644930633990576,4,40.051
ReTa04,Unknown,Ta4f,Ta+3,5/2,26.1,25.44506936600942,0.020664963989247,-0.6549306339905812,4,40.051
ReTa04,Unknown,Ta4f,Ta+5 (Ta2O5),7/2,26.8,26.000000000005027,0.04609803421828311,-0.7999999999949736,4,40.051
ReTa04,Unknown,Ta4f,Ta+5 (Ta2O5),5/2,28.7,27.890000000005024,0.04609803421827419,-0.8099999999949752,4,40.051
ReTa04,Unknown,Ta4f,Ta metal,7/2,22.0,22.199999999999964,0.13013822971609934,0.19999999999996376,5,50.063
ReTa04,Unknown,Ta4f,Ta metal,5/2,23.9,24.08999999999996,0.13013822999562544,0.1899999999999622,5,50.063
ReTa04,Unknown,Ta4f,Ta interface,7/2,22.4,22.5129167377981,0.27026092053189676,0.11291673779810196,5,50.063
ReTa04,Unknown,Ta4f,Ta interface,5/2,24.3,24.402916737798098,0.27026092053189676,0.10291673779809685,5,50.063
ReTa04,Unknown,Ta4f,Ta alloy,7/2,24.0,24.699999999995853,0.03295623648225549,0.6999999999958533,5,50.063
ReTa04,Unknown,Ta4f,Ta alloy,5/2,25.9,26.58999999999585,0.03295623648225549,0.6899999999958517,5,50.063
ReTa04,Unknown,Ta4f,Ta+1,7/2,22.7,22.63177511488218,0.027923225919926766,-0.06822488511781799,5,50.063
ReTa04,Unknown,Ta4f,Ta+1,5/2,24.6,24.52177511488218,0.027923225951857856,-0.0782248851178231,5,50.063
ReTa04,Unknown,Ta4f,Ta+3,7/2,24.2,23.546520210584116,0.020563619628678836,-0.6534797894158828,5,50.063
ReTa04,Unknown,Ta4f,Ta+3,5/2,26.1,25.436520210584113,0.020563619648389805,-0.6634797894158879,5,50.063
ReTa04,Unknown,Ta4f,Ta+5 (Ta2O5),7/2,26.8,26.00000000000124,0.04526388588082197,-0.7999999999987608,5,50.063
ReTa04,Unknown,Ta4f,Ta+5 (Ta2O5),5/2,28.7,27.890000000001237,0.04526388588081981,-0.8099999999987624,5,50.063
ReTa04,Unknown,Ta4f,Ta metal,7/2,22.0,22.19999999999908,0.11841973240099606,0.19999999999907914,6,60.076
ReTa04,Unknown,Ta4f,Ta metal,5/2,23.9,24.089999999999076,0.11841973265535652,0.18999999999907757,6,60.076
ReTa04,Unknown,Ta4f,Ta interface,7/2,22.4,22.51610443850093,0.2562388864384451,0.11610443850092977,6,60.076
ReTa04,Unknown,Ta4f,Ta interface,5/2,24.3,24.406104438500925,0.2562388864384451,0.10610443850092466,6,60.076
ReTa04,Unknown,Ta4f,Ta alloy,7/2,24.0,24.699999999326014,0.03300470178925302,0.699999999326014,6,60.076
ReTa04,Unknown,Ta4f,Ta alloy,5/2,25.9,26.58999999932601,0.03300470178925302,0.6899999993260124,6,60.076
ReTa04,Unknown,Ta4f,Ta+1,7/2,22.7,22.635753775834722,0.02724144692498278,-0.06424622416527725,6,60.076
ReTa04,Unknown,Ta4f,Ta+1,5/2,24.6,24.52575377583472,0.027241446894855553,-0.07424622416528237,6,60.076
ReTa04,Unknown,Ta4f,Ta+3,7/2,24.2,23.550924977899896,0.019607078666787174,-0.6490750221001029,6,60.076
ReTa04,Unknown,Ta4f,Ta+3,5/2,26.1,25.440924977899893,0.01960707869884268,-0.659075022100108,6,60.076
ReTa04,Unknown,Ta4f,Ta+5 (Ta2O5),7/2,26.8,26.000000000050637,0.04530834063985122,-0.7999999999493639,6,60.076
ReTa04,Unknown,Ta4f,Ta+5 (Ta2O5),5/2,28.7,27.890000000050634,0.045308340639762974,-0.8099999999493654,6,60.076
ReTa04,Unknown,Ta4f,Ta metal,7/2,22.0,22.199999999999065,0.13346284857871193,0.19999999999906493,7,70.089
ReTa04,Unknown,Ta4f,Ta metal,5/2,23.9,24.089999999999062,0.1334628488653844,0.18999999999906336,7,70.089
ReTa04,Unknown,Ta4f,Ta interface,7/2,22.4,22.50638523960823,0.27403447257141955,0.10638523960822965,7,70.089
ReTa04,Unknown,Ta4f,Ta interface,5/2,24.3,24.396385239608225,0.27403447257141955,0.09638523960822454,7,70.089
ReTa04,Unknown,Ta4f,Ta alloy,7/2,24.0,24.699999999923534,0.033178081046067766,0.6999999999235342,7,70.089
ReTa04,Unknown,Ta4f,Ta alloy,5/2,25.9,26.58999999992353,0.033178081046067766,0.6899999999235327,7,70.089
ReTa04,Unknown,Ta4f,Ta+1,7/2,22.7,22.635491216039117,0.02673903935843674,-0.064508783960882,7,70.089
ReTa04,Unknown,Ta4f,Ta+1,5/2,24.6,24.525491216039114,0.026739039400852527,-0.07450878396088711,7,70.089
ReTa04,Unknown,Ta4f,Ta+3,7/2,24.2,23.551211079451576,0.020719243333671502,-0.648788920548423,7,70.089
ReTa04,Unknown,Ta4f,Ta+3,5/2,26.1,25.441211079451573,0.020719243368198744,-0.6587889205484281,7,70.089
ReTa04,Unknown,Ta4f,Ta+5 (Ta2O5),7/2,26.8,26.000000000000867,0.04534364412688676,-0.7999999999991338,7,70.089
ReTa04,Unknown,Ta4f,Ta+5 (Ta2O5),5/2,28.7,27.890000000000864,0.04534364412688521,-0.8099999999991354,7,70.089
ReTa04,Unknown,Ta4f,Ta metal,7/2,22.0,22.199999999999996,0.12121056216683804,0.19999999999999574,8,80.101
ReTa04,Unknown,Ta4f,Ta metal,5/2,23.9,24.089999999999993,0.1212105624271881,0.18999999999999417,8,80.101
ReTa04,Unknown,Ta4f,Ta interface,7/2,22.4,22.51103582880636,0.2613386428467585,0.11103582880636154,8,80.101
ReTa04,Unknown,Ta4f,Ta interface,5/2,24.3,24.401035828806357,0.2613386428467585,0.10103582880635642,8,80.101
ReTa04,Unknown,Ta4f,Ta alloy,7/2,24.0,24.69745552654484,0.03272814945248344,0.6974555265448394,8,80.101
ReTa04,Unknown,Ta4f,Ta alloy,5/2,25.9,26.587455526544836,0.03272814945248344,0.6874555265448379,8,80.101
ReTa04,Unknown,Ta4f,Ta+1,7/2,22.7,22.632164600788578,0.027070778796936323,-0.06783539921142179,8,80.101
ReTa04,Unknown,Ta4f,Ta+1,5/2,24.6,24.522164600788575,0.027070778793016278,-0.0778353992114269,8,80.101
ReTa04,Unknown,Ta4f,Ta+3,7/2,24.2,23.544470221286332,0.019605560305571198,-0.6555297787136674,8,80.101
ReTa04,Unknown,Ta4f,Ta+3,5/2,26.1,25.43447022128633,0.019605560280353228,-0.6655297787136725,8,80.101
ReTa04,Unknown,Ta4f,Ta+5 (Ta2O5),7/2,26.8,26.000000000000004,0.0461754963457192,-0.7999999999999972,8,80.101
ReTa04,Unknown,Ta4f,Ta+5 (Ta2O5),5/2,28.7,27.89,0.046175496345719186,-0.8099999999999987,8,80.101
ReTa04,Unknown,Ta4f,Ta metal,7/2,22.0,22.199999999999996,0.12809573292951879,0.19999999999999574,9,90.114
ReTa04,Unknown,Ta4f,Ta metal,5/2,23.9,24.089999999999993,0.1280957332046577,0.18999999999999417,9,90.114
ReTa04,Unknown,Ta4f,Ta interface,7/2,22.4,22.50926592824048,0.27174758567250484,0.10926592824048242,9,90.114
ReTa04,Unknown,Ta4f,Ta interface,5/2,24.3,24.399265928240478,0.27174758567250484,0.09926592824047731,9,90.114
ReTa04,Unknown,Ta4f,Ta alloy,7/2,24.0,24.69999999990982,0.03357854932176863,0.6999999999098208,9,90.114
ReTa04,Unknown,Ta4f,Ta alloy,5/2,25.9,26.589999999909818,0.03357854932176863,0.6899999999098192,9,90.114
ReTa04,Unknown,Ta4f,Ta+1,7/2,22.7,22.632139156529032,0.027743846754134684,-0.06786084347096732,9,90.114
ReTa04,Unknown,Ta4f,Ta+1,5/2,24.6,24.52213915652903,0.027743846814696584,-0.07786084347097244,9,90.114
ReTa04,Unknown,Ta4f,Ta+3,7/2,24.2,23.54466879990608,0.020654382324782124,-0.6553312000939187,9,90.114
ReTa04,Unknown,Ta4f,Ta+3,5/2,26.1,25.434668799906078,0.020654382319318838,-0.6653312000939238,9,90.114
ReTa04,Unknown,Ta4f,Ta+5 (Ta2O5),7/2,26.8,26.000000000000004,0.04702126177191419,-0.7999999999999972,9,90.114
ReTa04,Unknown,Ta4f,Ta+5 (Ta2O5),5/2,28.7,27.89,0.04702126177191419,-0.8099999999999987,9,90.114
ReTa03,Unknown,Re4f,Re metal,7/2,40.35,40.699619874058754,0.007485299973538503,0.34961987405875306,0,0.0
ReTa03,Unknown,Re4f,Re metal,5/2,42.77,43.12519293006127,0.008570024271270182,0.3551929300612642,0,0.0
ReTa03,Unknown,Re4f,ReO2 (Re4+),7/2,42.2,41.800000000000004,0.053098184825543245,-0.3999999999999986,0,0.0
ReTa03,Unknown,Re4f,ReO2 (Re4+),5/2,44.62,44.22557305600252,0.05212307870276224,-0.39442694399748035,0,0.0
ReTa03,Unknown,Re4f,ReO3 (Re6+),7/2,43.1,43.49146174961813,0.17898164826823146,0.39146174961813074,0,0.0
ReTa03,Unknown,Re4f,ReO3 (Re6+),5/2,45.52,45.917034805620645,0.17843597841750686,0.39703480562064186,0,0.0
ReTa03,Unknown,Re4f,Re2O7 (Re7+),7/2,45.5,46.69999999999995,0.44262304893494525,1.199999999999953,0,0.0
ReTa03,Unknown,Re4f,Re2O7 (Re7+),5/2,47.92,49.125573056002466,0.44302072967098854,1.2055730560024642,0,0.0
ReTa03,Unknown,Re4f,Re metal,7/2,40.35,40.65738185265389,0.008933135386052844,0.30738185265389006,1,10.013
ReTa03,Unknown,Re4f,Re metal,5/2,42.77,43.092425740333,0.01040067292143385,0.32242574033299576,1,10.013
ReTa03,Unknown,Re4f,ReO2 (Re4+),7/2,42.2,41.800000000000004,0.3374087009553771,-0.3999999999999986,1,10.013
ReTa03,Unknown,Re4f,ReO2 (Re4+),5/2,44.62,44.23504388767911,0.3362707312870779,-0.3849561123208858,1,10.013
ReTa03,Unknown,Re4f,ReO3 (Re6+),7/2,43.1,43.158350656226766,1.201732890212034,0.058350656226764386,1,10.013
ReTa03,Unknown,Re4f,ReO3 (Re6+),5/2,45.52,45.59339454390587,1.2004509804948373,0.07339454390587008,1,10.013
ReTa03,Unknown,Re4f,Re2O7 (Re7+),7/2,45.5,46.699999999999996,0.39398287752583006,1.1999999999999957,1,10.013
ReTa03,Unknown,Re4f,Re2O7 (Re7+),5/2,47.92,49.1350438876791,0.3938033304679532,1.2150438876791014,1,10.013
ReTa03,Unknown,Re4f,Re metal,7/2,40.35,40.66038629499767,0.009341902836863246,0.3103862949976701,2,20.026
ReTa03,Unknown,Re4f,Re metal,5/2,42.77,43.09630398116728,0.010883585600298054,0.3263039811672783,2,20.026
ReTa03,Unknown,Re4f,ReO2 (Re4+),7/2,42.2,41.800000000000004,0.36560858761928944,-0.3999999999999986,2,20.026
ReTa03,Unknown,Re4f,ReO2 (Re4+),5/2,44.62,44.235917686169614,0.36437528830110855,-0.38408231383038327,2,20.026
ReTa03,Unknown,Re4f,ReO3 (Re6+),7/2,43.1,43.14396422739215,1.281403420622984,0.04396422739215211,2,20.026
ReTa03,Unknown,Re4f,ReO3 (Re6+),5/2,45.52,45.57988191356176,1.2800197268548752,0.059881913561760314,2,20.026
ReTa03,Unknown,Re4f,Re2O7 (Re7+),7/2,45.5,46.699999999999996,0.39022113388417246,1.1999999999999957,2,20.026
ReTa03,Unknown,Re4f,Re2O7 (Re7+),5/2,47.92,49.135917686169606,0.3900708460327873,1.215917686169604,2,20.026
ReTa03,Unknown,Re4f,Re metal,7/2,40.35,40.66392635462426,0.008937416734048853,0.31392635462425744,3,30.038
ReTa03,Unknown,Re4f,Re metal,5/2,42.77,43.09822233617676,0.010405301004973456,0.3282223361767578,3,30.038
ReTa03,Unknown,Re4f,ReO2 (Re4+),7/2,42.2,41.800000000000004,0.3420476505926553,-0.3999999999999986,3,30.038
ReTa03,Unknown,Re4f,ReO2 (Re4+),5/2,44.62,44.234295981552506,0.3408823345413606,-0.38570401844749114,3,30.038
ReTa03,Unknown,Re4f,ReO3 (Re6+),7/2,43.1,43.15587904708812,1.1996211368959049,0.055879047088119194,3,30.038
ReTa03,Unknown,Re4f,ReO3 (Re6+),5/2,45.52,45.59017502864062,1.1983271690072197,0.07017502864061953,3,30.038
ReTa03,Unknown,Re4f,Re2O7 (Re7+),7/2,45.5,46.699999999999996,0.39325130925697693,1.1999999999999957,3,30.038
ReTa03,Unknown,Re4f,Re2O7 (Re7+),5/2,47.92,49.1342959815525,0.39309443978549263,1.214295981552496,3,30.038
ReTa03,Unknown,Re4f,Re metal,7/2,40.35,40.66055817388746,0.00921932150917726,0.31055817388745766,4,40.051
ReTa03,Unknown,Re4f,Re metal,5/2,42.77,43.09643019905977,0.010813482467947983,0.32643019905976445,4,40.051
ReTa03,Unknown,Re4f,ReO2 (Re4+),7/2,42.2,41.800000000000004,0.3732854854712329,-0.3999999999999986,4,40.051
ReTa03,Unknown,Re4f,ReO2 (Re4+),5/2,44.62,44.23587202517231,0.37196681358086525,-0.3841279748276847,4,40.051
ReTa03,Unknown,Re4f,ReO3 (Re6+),7/2,43.1,43.12925728151704,1.2740156535507212,0.029257281517040212,4,40.051
ReTa03,Unknown,Re4f,ReO3 (Re6+),5/2,45.52,45.56512930668935,1.2725357116792348,0.045129306689347004,4,40.051
ReTa03,Unknown,Re4f,Re2O7 (Re7+),7/2,45.5,46.699999999999996,0.38823092143565946,1.1999999999999957,4,40.051
ReTa03,Unknown,Re4f,Re2O7 (Re7+),5/2,47.92,49.135872025172304,0.3881174285732918,1.2158720251723025,4,40.051
ReTa03,Unknown,Re4f,Re metal,7/2,40.35,40.65769087897909,0.008966225002049868,0.30769087897908776,5,50.064
ReTa03,Unknown,Re4f,Re metal,5/2,42.77,43.093010477929255,0.01037687436529131,0.32301047792925175,5,50.064
ReTa03,Unknown,Re4f,ReO2 (Re4+),7/2,42.2,41.800000000000004,0.3539927302525353,-0.3999999999999986,5,50.064
ReTa03,Unknown,Re4f,ReO2 (Re4+),5/2,44.62,44.23531959895017,0.35299900665430584,-0.3846804010498275,5,50.064
ReTa03,Unknown,Re4f,ReO3 (Re6+),7/2,43.1,43.15350498359803,1.274139494208775,0.053504983598031686,5,50.064
ReTa03,Unknown,Re4f,ReO3 (Re6+),5/2,45.52,45.5888245825482,1.2730063258391238,0.06882458254819568,5,50.064
ReTa03,Unknown,Re4f,Re2O7 (Re7+),7/2,45.5,46.699999999999996,0.3916149695927153,1.1999999999999957,5,50.064
ReTa03,Unknown,Re4f,Re2O7 (Re7+),5/2,47.92,49.13531959895016,0.3914025958730686,1.2153195989501597,5,50.064
ReTa03,Unknown,Re4f,Re metal,7/2,40.35,40.65817013360589,0.008910960173493515,0.3081701336058913,6,60.077
ReTa03,Unknown,Re4f,Re metal,5/2,42.77,43.09350855258077,0.010385321720390871,0.32350855258076905,6,60.077
ReTa03,Unknown,Re4f,ReO2 (Re4+),7/2,42.2,41.800000000000004,0.3619311255240597,-0.3999999999999986,6,60.077
ReTa03,Unknown,Re4f,ReO2 (Re4+),5/2,44.62,44.235338418974884,0.360812607725459,-0.3846615810251137,6,60.077
ReTa03,Unknown,Re4f,ReO3 (Re6+),7/2,43.1,43.139808125452326,1.2583660411668736,0.039808125452324816,6,60.077
ReTa03,Unknown,Re4f,ReO3 (Re6+),5/2,45.52,45.575146544427206,1.2570968418451272,0.05514654442720257,6,60.077
ReTa03,Unknown,Re4f,Re2O7 (Re7+),7/2,45.5,46.699999999999996,0.3930950241192681,1.1999999999999957,6,60.077
ReTa03,Unknown,Re4f,Re2O7 (Re7+),5/2,47.92,49.135338418974875,0.3929223436042876,1.2153384189748735,6,60.077
ReTa03,Unknown,Re4f,Re metal,7/2,40.35,40.655043085299376,0.009165992545454233,0.3050430852993742,7,70.09
ReTa03,Unknown,Re4f,Re metal,5/2,42.77,43.090514163756815,0.010612674994051639,0.32051416375681185,7,70.09
ReTa03,Unknown,Re4f,ReO2 (Re4+),7/2,42.2,41.800000000000004,0.3669987653195297,-0.3999999999999986,7,70.09
ReTa03,Unknown,Re4f,ReO2 (Re4+),5/2,44.62,44.235471078457444,0.3659947095736004,-0.3845289215425538,7,70.09
ReTa03,Unknown,Re4f,ReO3 (Re6+),7/2,43.1,43.1467675299138,1.308596807187196,0.04676752991380084,7,70.09
ReTa03,Unknown,Re4f,ReO3 (Re6+),5/2,45.52,45.58223860837124,1.3074400692394887,0.06223860837123851,7,70.09
ReTa03,Unknown,Re4f,Re2O7 (Re7+),7/2,45.5,46.699999999999996,0.38922929604735546,1.1999999999999957,7,70.09
ReTa03,Unknown,Re4f,Re2O7 (Re7+),5/2,47.92,49.135471078457435,0.38900465629267117,1.2154710784574334,7,70.09
ReTa03,Unknown,Re4f,Re metal,7/2,40.35,40.654279338595465,0.008725669404858059,0.30427933859546386,8,80.103
ReTa03,Unknown,Re4f,Re metal,5/2,42.77,43.088515032718945,0.010113642702384844,0.3185150327189419,8,80.103
ReTa03,Unknown,Re4f,ReO2 (Re4+),7/2,42.2,41.800000000000004,0.3410977337227602,-0.3999999999999986,8,80.103
ReTa03,Unknown,Re4f,ReO2 (Re4+),5/2,44.62,44.234235694123484,0.340154950500567,-0.38576430587651345,8,80.103
ReTa03,Unknown,Re4f,ReO3 (Re6+),7/2,43.1,43.15634162653765,1.203379253440973,0.056341626537651734,8,80.103
ReTa03,Unknown,Re4f,ReO3 (Re6+),5/2,45.52,45.59057732066113,1.202292463960912,0.07057732066112976,8,80.103
ReTa03,Unknown,Re4f,Re2O7 (Re7+),7/2,45.5,46.699999999999996,0.39370784911129086,1.1999999999999957,8,80.103
ReTa03,Unknown,Re4f,Re2O7 (Re7+),5/2,47.92,49.134235694123475,0.3934757600006198,1.2142356941234738,8,80.103
ReTa03,Unknown,Re4f,Re metal,7/2,40.35,40.65267535786483,0.008946930397551421,0.30267535786482824,9,90.115
ReTa03,Unknown,Re4f,Re metal,5/2,42.77,43.088404696543535,0.010370600983044443,0.31840469654353143,9,90.115
ReTa03,Unknown,Re4f,ReO2 (Re4+),7/2,42.2,41.800000000000004,0.3660653189190638,-0.3999999999999986,9,90.115
ReTa03,Unknown,Re4f,ReO2 (Re4+),5/2,44.62,44.23572933867871,0.365101293655636,-0.3842706613212883,9,90.115
ReTa03,Unknown,Re4f,ReO3 (Re6+),7/2,43.1,43.14541336317073,1.288534328029321,0.04541336317073075,9,90.115
ReTa03,Unknown,Re4f,ReO3 (Re6+),5/2,45.52,45.58114270184944,1.2874144933130043,0.061142701849433934,9,90.115
ReTa03,Unknown,Re4f,Re2O7 (Re7+),7/2,45.5,46.699999999999996,0.39471493076991765,1.1999999999999957,9,90.115
ReTa03,Unknown,Re4f,Re2O7 (Re7+),5/2,47.92,49.1357293386787,0.3944816194235583,1.215729338678699,9,90.115
ReTa04,Unknown,Re4f,Re metal,7/2,40.35,40.65086542334222,0.007860476158855679,0.30086542334221633,0,0.0
ReTa04,Unknown,Re4f,Re metal,5/2,42.77,43.07173679991098,0.008923360930916611,0.30173679991097657,0,0.0
ReTa04,Unknown,Re4f,ReO2 (Re4+),7/2,42.2,41.800000000000004,0.054435792013844915,-0.3999999999999986,0,0.0
ReTa04,Unknown,Re4f,ReO2 (Re4+),5/2,44.62,44.220871376568766,0.05457336988729008,-0.39912862343123123,0,0.0
ReTa04,Unknown,Re4f,ReO3 (Re6+),7/2,43.1,43.458790331060975,0.19139205644239538,0.35879033106097324,0,0.0
ReTa04,Unknown,Re4f,ReO3 (Re6+),5/2,45.52,45.87966170762974,0.1919251215966985,0.3596617076297335,0,0.0
ReTa04,Unknown,Re4f,Re2O7 (Re7+),7/2,45.5,46.699999999999996,0.45132732215375326,1.1999999999999957,0,0.0
ReTa04,Unknown,Re4f,Re2O7 (Re7+),5/2,47.92,49.12087137656876,0.45136034270617154,1.200871376568756,0,0.0
ReTa04,Unknown,Re4f,Re metal,7/2,40.35,40.59781820037041,0.007969884099478006,0.24781820037041058,1,10.013
ReTa04,Unknown,Re4f,Re metal,5/2,42.77,43.03187473221762,0.009057170654620953,0.26187473221761337,1,10.013
ReTa04,Unknown,Re4f,ReO2 (Re4+),7/2,42.2,41.800000000000004,0.30898210771807616,-0.3999999999999986,1,10.013
ReTa04,Unknown,Re4f,ReO2 (Re4+),5/2,44.62,44.23405653184721,0.3093167810943216,-0.3859434681527887,1,10.013
ReTa04,Unknown,Re4f,ReO3 (Re6+),7/2,43.1,43.213642388588276,1.0319664801943227,0.11364238858827491,1,10.013
ReTa04,Unknown,Re4f,ReO3 (Re6+),5/2,45.52,45.64769892043548,1.0320998867868272,0.1276989204354777,1,10.013
ReTa04,Unknown,Re4f,Re2O7 (Re7+),7/2,45.5,46.699999999999996,0.3443573008351578,1.1999999999999957,1,10.013
ReTa04,Unknown,Re4f,Re2O7 (Re7+),5/2,47.92,49.1340565318472,0.3436754277968413,1.2140565318471985,1,10.013
ReTa04,Unknown,Re4f,Re metal,7/2,40.35,40.59822866939661,0.00844287603630311,0.24822866939661026,2,20.026
ReTa04,Unknown,Re4f,Re metal,5/2,42.77,43.03533005088956,0.009722545379342874,0.26533005088955974,2,20.026
ReTa04,Unknown,Re4f,ReO2 (Re4+),7/2,42.2,41.800000000000004,0.34799254598119617,-0.3999999999999986,2,20.026
ReTa04,Unknown,Re4f,ReO2 (Re4+),5/2,44.62,44.237101381492955,0.34789023443482286,-0.382898618507042,2,20.026
ReTa04,Unknown,Re4f,ReO3 (Re6+),7/2,43.1,43.17533897753765,1.1441808340817103,0.07533897753764762,2,20.026
ReTa04,Unknown,Re4f,ReO3 (Re6+),5/2,45.52,45.6124403590306,1.1438332435545475,0.09244035903059711,2,20.026
ReTa04,Unknown,Re4f,Re2O7 (Re7+),7/2,45.5,46.699999999999996,0.3441805178744519,1.1999999999999957,2,20.026
ReTa04,Unknown,Re4f,Re2O7 (Re7+),5/2,47.92,49.13710138149295,0.34359481414425663,1.2171013814929452,2,20.026
ReTa04,Unknown,Re4f,Re metal,7/2,40.35,40.59791824173328,0.008520236849997078,0.2479182417332808,3,30.039
ReTa04,Unknown,Re4f,Re metal,5/2,42.77,43.033987503268705,0.009754740771251954,0.2639875032687016,3,30.039
ReTa04,Unknown,Re4f,ReO2 (Re4+),7/2,42.2,41.800000000000004,0.345399784248736,-0.3999999999999986,3,30.039
ReTa04,Unknown,Re4f,ReO2 (Re4+),5/2,44.62,44.23606926153543,0.34545117556863547,-0.3839307384645707,3,30.039
ReTa04,Unknown,Re4f,ReO3 (Re6+),7/2,43.1,43.18460066597421,1.145545037358971,0.08460066597420735,3,30.039
ReTa04,Unknown,Re4f,ReO3 (Re6+),5/2,45.52,45.62066992750963,1.145357199705899,0.10066992750962811,3,30.039
ReTa04,Unknown,Re4f,Re2O7 (Re7+),7/2,45.5,46.699999999999996,0.3448589021347735,1.1999999999999957,3,30.039
ReTa04,Unknown,Re4f,Re2O7 (Re7+),5/2,47.92,49.13606926153542,0.3442211532654618,1.2160692615354165,3,30.039
ReTa04,Unknown,Re4f,Re metal,7/2,40.35,40.59910728261945,0.008509605330107365,0.24910728261944826,4,40.051
ReTa04,Unknown,Re4f,Re metal,5/2,42.77,43.036308284486445,0.009796697078903259,0.26630828448644195,4,40.051
ReTa04,Unknown,Re4f,ReO2 (Re4+),7/2,42.2,41.800000000000004,0.36253532899135626,-0.3999999999999986,4,40.051
ReTa04,Unknown,Re4f,ReO2 (Re4+),5/2,44.62,44.237201001867,0.36237943509014237,-0.3827989981329978,4,40.051
ReTa04,Unknown,Re4f,ReO3 (Re6+),7/2,43.1,43.16322431247261,1.186961632609859,0.06322431247260596,4,40.051
ReTa04,Unknown,Re4f,ReO3 (Re6+),5/2,45.52,45.6004253143396,1.186554401578328,0.08042531433959965,4,40.051
ReTa04,Unknown,Re4f,Re2O7 (Re7+),7/2,45.5,46.699999999999996,0.34010504822737075,1.1999999999999957,4,40.051
ReTa04,Unknown,Re4f,Re2O7 (Re7+),5/2,47.92,49.13720100186699,0.33953299990435554,1.2172010018669894,4,40.051
ReTa04,Unknown,Re4f,Re metal,7/2,40.35,40.59903384806723,0.008448712279768145,0.24903384806722784,5,50.063
ReTa04,Unknown,Re4f,Re metal,5/2,42.77,43.035509183893204,0.009677088276778295,0.2655091838932009,5,50.063
ReTa04,Unknown,Re4f,ReO2 (Re4+),7/2,42.2,41.800000000000004,0.3767641024748689,-0.3999999999999986,5,50.063
ReTa04,Unknown,Re4f,ReO2 (Re4+),5/2,44.62,44.23647533582598,0.3768078851857019,-0.3835246641740184,5,50.063
ReTa04,Unknown,Re4f,ReO3 (Re6+),7/2,43.1,43.165157650097846,1.2584446058894159,0.06515765009784502,5,50.063
ReTa04,Unknown,Re4f,ReO3 (Re6+),5/2,45.52,45.60163298592382,1.258244357652675,0.08163298592381807,5,50.063
ReTa04,Unknown,Re4f,Re2O7 (Re7+),7/2,45.5,46.699999999999996,0.3445185594757996,1.1999999999999957,5,50.063
ReTa04,Unknown,Re4f,Re2O7 (Re7+),5/2,47.92,49.13647533582597,0.34389638428287206,1.2164753358259688,5,50.063
ReTa04,Unknown,Re4f,Re metal,7/2,40.35,40.60147179481639,0.00854668140399927,0.25147179481638915,6,60.076
ReTa04,Unknown,Re4f,Re metal,5/2,42.77,43.03915107219259,0.009817548441529485,0.26915107219258516,6,60.076
ReTa04,Unknown,Re4f,ReO2 (Re4+),7/2,42.2,41.800000000000004,0.38396653233350925,-0.3999999999999986,6,60.076
ReTa04,Unknown,Re4f,ReO2 (Re4+),5/2,44.62,44.2376792773762,0.383851514436934,-0.38232072262379546,6,60.076
ReTa04,Unknown,Re4f,ReO3 (Re6+),7/2,43.1,43.157164540516455,1.2699766396709906,0.057164540516453144,6,60.076
ReTa04,Unknown,Re4f,ReO3 (Re6+),5/2,45.52,45.59484381789265,1.2696142796468628,0.07484381789264916,6,60.076
ReTa04,Unknown,Re4f,Re2O7 (Re7+),7/2,45.5,46.699999999999996,0.3456509048497184,1.1999999999999957,6,60.076
ReTa04,Unknown,Re4f,Re2O7 (Re7+),5/2,47.92,49.13767927737619,0.34507226462524504,1.2176792773761917,6,60.076
ReTa04,Unknown,Re4f,Re metal,7/2,40.35,40.603440941421425,0.008757327636925119,0.2534409414214238,7,70.089
ReTa04,Unknown,Re4f,Re metal,5/2,42.77,43.04013620020078,0.010002873152637664,0.2701362002007741,7,70.089
ReTa04,Unknown,Re4f,ReO2 (Re4+),7/2,42.2,41.800000000000004,0.3991076431417761,-0.3999999999999986,7,70.089
ReTa04,Unknown,Re4f,ReO2 (Re4+),5/2,44.62,44.236695258779356,0.3991235532051506,-0.3833047412206412,7,70.089
ReTa04,Unknown,Re4f,ReO3 (Re6+),7/2,43.1,43.158793146406985,1.3345188271217117,0.058793146406983965,7,70.089
ReTa04,Unknown,Re4f,ReO3 (Re6+),5/2,45.52,45.59548840518634,1.3342900413712204,0.07548840518633426,7,70.089
ReTa04,Unknown,Re4f,Re2O7 (Re7+),7/2,45.5,46.699999999999996,0.3440849765625045,1.1999999999999957,7,70.089
ReTa04,Unknown,Re4f,Re2O7 (Re7+),5/2,47.92,49.13669525877935,0.34345805404342455,1.216695258779346,7,70.089
ReTa04,Unknown,Re4f,Re metal,7/2,40.35,40.599844909735296,0.00858392639187963,0.2498449097352946,8,80.101
ReTa04,Unknown,Re4f,Re metal,5/2,42.77,43.037145732448245,0.009935870084657532,0.2671457324482418,8,80.101
ReTa04,Unknown,Re4f,ReO2 (Re4+),7/2,42.2,41.800000000000004,0.37197743808086453,-0.3999999999999986,8,80.101
ReTa04,Unknown,Re4f,ReO2 (Re4+),5/2,44.62,44.23730082271295,0.3716243844049379,-0.3826991772870443,8,80.101
ReTa04,Unknown,Re4f,ReO3 (Re6+),7/2,43.1,43.150938089719546,1.215204286073528,0.050938089719544166,8,80.101
ReTa04,Unknown,Re4f,ReO3 (Re6+),5/2,45.52,45.588238912432494,1.2145888661765676,0.06823891243249136,8,80.101
ReTa04,Unknown,Re4f,Re2O7 (Re7+),7/2,45.5,46.699999999999996,0.33795782601276236,1.1999999999999957,8,80.101
ReTa04,Unknown,Re4f,Re2O7 (Re7+),5/2,47.92,49.137300822712945,0.3374309264436579,1.217300822712943,8,80.101
ReTa04,Unknown,Re4f,Re metal,7/2,40.35,40.59966044963071,0.008036124545437567,0.24966044963071,9,90.114
ReTa04,Unknown,Re4f,Re metal,5/2,42.77,43.034619114555376,0.009193279890361391,0.2646191145553729,9,90.114
ReTa04,Unknown,Re4f,ReO2 (Re4+),7/2,42.2,41.800000000000004,0.32063771287383325,-0.3999999999999986,9,90.114
ReTa04,Unknown,Re4f,ReO2 (Re4+),5/2,44.62,44.23495866492467,0.32078129791950344,-0.38504133507532856,9,90.114
ReTa04,Unknown,Re4f,ReO3 (Re6+),7/2,43.1,43.198399841844235,1.056794007246631,0.098399841844234,9,90.114
ReTa04,Unknown,Re4f,ReO3 (Re6+),5/2,45.52,45.6333585067689,1.0567249918920663,0.11335850676889692,9,90.114
ReTa04,Unknown,Re4f,Re2O7 (Re7+),7/2,45.5,46.699999999999996,0.3483215434625279,1.1999999999999957,9,90.114
ReTa04,Unknown,Re4f,Re2O7 (Re7+),5/2,47.92,49.13495866492466,0.3476889985718413,1.2149586649246586,9,90.114
